"","period","dias_rest","Comuns","Cs","CUP","ERC","Junts","PDeCAT","PP","PSC","Vox","Comuns.Enc","Cs.Enc","CUP.Enc","ERC.Enc","Junts.Enc","PP.Enc","PSC.Enc","Vox.Enc","PDeCAT.Enc"
"1",2018-01-19,1122,7.4,24.5,4,21.4,22.5,NA,4.7,13.9,NA,6.9,24.9,3.5,20.6,22.4,5.9,14.3,NA,NA
"2",2018-01-20,1121,7.4,24.5,4,21.4,22.4,NA,4.7,13.8,NA,NA,NA,NA,NA,NA,NA,NA,NA,NA
"3",2018-01-21,1120,7.4,24.5,4.1,21.4,22.4,NA,4.7,13.8,NA,NA,NA,NA,NA,NA,NA,NA,NA,NA
"4",2018-01-22,1119,7.4,24.5,4.1,21.5,22.3,NA,4.7,13.8,NA,NA,NA,NA,NA,NA,NA,NA,NA,NA
"5",2018-01-23,1118,7.4,24.4,4.2,21.5,22.3,NA,4.7,13.7,NA,NA,NA,NA,NA,NA,NA,NA,NA,NA
"6",2018-01-24,1117,7.4,24.4,4.2,21.5,22.2,NA,4.7,13.7,NA,NA,NA,NA,NA,NA,NA,NA,NA,NA
"7",2018-01-25,1116,7.4,24.4,4.2,21.5,22.2,NA,4.7,13.7,NA,NA,NA,NA,NA,NA,NA,NA,NA,NA
"8",2018-01-26,1115,7.4,24.4,4.3,21.6,22.1,NA,4.7,13.7,NA,NA,NA,NA,NA,NA,NA,NA,NA,NA
"9",2018-01-27,1114,7.4,24.4,4.3,21.6,22.1,NA,4.8,13.6,NA,NA,NA,NA,NA,NA,NA,NA,NA,NA
"10",2018-01-28,1113,7.4,24.4,4.3,21.6,22,NA,4.8,13.6,NA,NA,NA,NA,NA,NA,NA,NA,NA,NA
"11",2018-01-29,1112,7.4,24.4,4.4,21.6,22,NA,4.8,13.6,NA,NA,NA,NA,NA,NA,NA,NA,NA,NA
"12",2018-01-30,1111,7.4,24.4,4.4,21.7,22,NA,4.8,13.5,NA,7.4,24.7,6,22.9,19.5,4.6,12.5,NA,NA
"13",2018-01-31,1110,7.4,24.4,4.4,21.7,21.9,NA,4.8,13.5,NA,NA,NA,NA,NA,NA,NA,NA,NA,NA
"14",2018-02-01,1109,7.4,24.4,4.5,21.7,21.9,NA,4.8,13.5,NA,NA,NA,NA,NA,NA,NA,NA,NA,NA
"15",2018-02-02,1108,7.4,24.4,4.5,21.7,21.8,NA,4.8,13.5,NA,NA,NA,NA,NA,NA,NA,NA,NA,NA
"16",2018-02-03,1107,7.4,24.4,4.5,21.7,21.8,NA,4.8,13.4,NA,NA,NA,NA,NA,NA,NA,NA,NA,NA
"17",2018-02-04,1106,7.4,24.4,4.5,21.8,21.8,NA,4.8,13.4,NA,NA,NA,NA,NA,NA,NA,NA,NA,NA
"18",2018-02-05,1105,7.4,24.4,4.6,21.8,21.7,NA,4.8,13.4,NA,NA,NA,NA,NA,NA,NA,NA,NA,NA
"19",2018-02-06,1104,7.4,24.4,4.6,21.8,21.7,NA,4.8,13.4,NA,NA,NA,NA,NA,NA,NA,NA,NA,NA
"20",2018-02-07,1103,7.4,24.4,4.6,21.8,21.7,NA,4.8,13.4,NA,NA,NA,NA,NA,NA,NA,NA,NA,NA
"21",2018-02-08,1102,7.4,24.4,4.6,21.8,21.6,NA,4.8,13.3,NA,NA,NA,NA,NA,NA,NA,NA,NA,NA
"22",2018-02-09,1101,7.4,24.4,4.7,21.8,21.6,NA,4.8,13.3,NA,NA,NA,NA,NA,NA,NA,NA,NA,NA
"23",2018-02-10,1100,7.4,24.5,4.7,21.8,21.6,NA,4.8,13.3,NA,NA,NA,NA,NA,NA,NA,NA,NA,NA
"24",2018-02-11,1099,7.4,24.5,4.7,21.9,21.6,NA,4.8,13.3,NA,NA,NA,NA,NA,NA,NA,NA,NA,NA
"25",2018-02-12,1098,7.4,24.5,4.7,21.9,21.5,NA,4.8,13.3,NA,NA,NA,NA,NA,NA,NA,NA,NA,NA
"26",2018-02-13,1097,7.4,24.5,4.7,21.9,21.5,NA,4.8,13.3,NA,NA,NA,NA,NA,NA,NA,NA,NA,NA
"27",2018-02-14,1096,7.4,24.5,4.8,21.9,21.5,NA,4.8,13.3,NA,NA,NA,NA,NA,NA,NA,NA,NA,NA
"28",2018-02-15,1095,7.4,24.5,4.8,21.9,21.5,NA,4.8,13.2,NA,NA,NA,NA,NA,NA,NA,NA,NA,NA
"29",2018-02-16,1094,7.4,24.5,4.8,21.9,21.4,NA,4.8,13.2,NA,NA,NA,NA,NA,NA,NA,NA,NA,NA
"30",2018-02-17,1093,7.4,24.5,4.8,21.9,21.4,NA,4.7,13.2,NA,NA,NA,NA,NA,NA,NA,NA,NA,NA
"31",2018-02-18,1092,7.4,24.5,4.8,21.9,21.4,NA,4.7,13.2,NA,NA,NA,NA,NA,NA,NA,NA,NA,NA
"32",2018-02-19,1091,7.4,24.5,4.8,22,21.4,NA,4.7,13.2,NA,NA,NA,NA,NA,NA,NA,NA,NA,NA
"33",2018-02-20,1090,7.4,24.5,4.9,22,21.3,NA,4.7,13.2,NA,NA,NA,NA,NA,NA,NA,NA,NA,NA
"34",2018-02-21,1089,7.4,24.5,4.9,22,21.3,NA,4.7,13.2,NA,NA,NA,NA,NA,NA,NA,NA,NA,NA
"35",2018-02-22,1088,7.4,24.5,4.9,22,21.3,NA,4.7,13.2,NA,NA,NA,NA,NA,NA,NA,NA,NA,NA
"36",2018-02-23,1087,7.4,24.5,4.9,22,21.3,NA,4.7,13.2,NA,NA,NA,NA,NA,NA,NA,NA,NA,NA
"37",2018-02-24,1086,7.4,24.5,4.9,22,21.3,NA,4.7,13.2,NA,NA,NA,NA,NA,NA,NA,NA,NA,NA
"38",2018-02-25,1085,7.4,24.5,4.9,22,21.2,NA,4.7,13.2,NA,NA,NA,NA,NA,NA,NA,NA,NA,NA
"39",2018-02-26,1084,7.4,24.5,4.9,22,21.2,NA,4.7,13.2,NA,NA,NA,NA,NA,NA,NA,NA,NA,NA
"40",2018-02-27,1083,7.4,24.5,4.9,22,21.2,NA,4.7,13.2,NA,NA,NA,NA,NA,NA,NA,NA,NA,NA
"41",2018-02-28,1082,7.4,24.5,4.9,22,21.2,NA,4.7,13.2,NA,NA,NA,NA,NA,NA,NA,NA,NA,NA
"42",2018-03-01,1081,7.4,24.5,4.9,22,21.2,NA,4.7,13.2,NA,NA,NA,NA,NA,NA,NA,NA,NA,NA
"43",2018-03-02,1080,7.4,24.5,4.9,22,21.2,NA,4.7,13.2,NA,NA,NA,NA,NA,NA,NA,NA,NA,NA
"44",2018-03-03,1079,7.4,24.5,4.9,22,21.2,NA,4.7,13.2,NA,NA,NA,NA,NA,NA,NA,NA,NA,NA
"45",2018-03-04,1078,7.4,24.5,4.9,22,21.2,NA,4.7,13.2,NA,NA,NA,NA,NA,NA,NA,NA,NA,NA
"46",2018-03-05,1077,7.4,24.5,4.9,22,21.2,NA,4.7,13.2,NA,NA,NA,NA,NA,NA,NA,NA,NA,NA
"47",2018-03-06,1076,7.4,24.5,4.9,22,21.2,NA,4.7,13.2,NA,NA,NA,NA,NA,NA,NA,NA,NA,NA
"48",2018-03-07,1075,7.4,24.5,4.9,22,21.2,NA,4.7,13.2,NA,NA,NA,NA,NA,NA,NA,NA,NA,NA
"49",2018-03-08,1074,7.4,24.5,4.9,22,21.1,NA,4.7,13.2,NA,NA,NA,NA,NA,NA,NA,NA,NA,NA
"50",2018-03-09,1073,7.4,24.5,4.9,22,21.1,NA,4.7,13.2,NA,NA,NA,NA,NA,NA,NA,NA,NA,NA
"51",2018-03-10,1072,7.4,24.5,4.9,22,21.1,NA,4.7,13.2,NA,NA,NA,NA,NA,NA,NA,NA,NA,NA
"52",2018-03-11,1071,7.4,24.5,4.9,22,21.1,NA,4.7,13.2,NA,NA,NA,NA,NA,NA,NA,NA,NA,NA
"53",2018-03-12,1070,7.4,24.5,4.9,22,21.1,NA,4.7,13.2,NA,NA,NA,NA,NA,NA,NA,NA,NA,NA
"54",2018-03-13,1069,7.4,24.5,4.9,22,21.1,NA,4.7,13.2,NA,NA,NA,NA,NA,NA,NA,NA,NA,NA
"55",2018-03-14,1068,7.4,24.5,4.9,22,21.1,NA,4.6,13.3,NA,NA,NA,NA,NA,NA,NA,NA,NA,NA
"56",2018-03-15,1067,7.3,24.6,4.9,22,21.1,NA,4.6,13.3,NA,NA,NA,NA,NA,NA,NA,NA,NA,NA
"57",2018-03-16,1066,7.3,24.6,4.9,22,21.1,NA,4.6,13.3,NA,NA,NA,NA,NA,NA,NA,NA,NA,NA
"58",2018-03-17,1065,7.3,24.6,4.9,22,21.1,NA,4.6,13.3,NA,NA,NA,NA,NA,NA,NA,NA,NA,NA
"59",2018-03-18,1064,7.3,24.6,4.9,22,21,NA,4.6,13.3,NA,NA,NA,NA,NA,NA,NA,NA,NA,NA
"60",2018-03-19,1063,7.3,24.6,4.9,22,21,NA,4.6,13.3,NA,NA,NA,NA,NA,NA,NA,NA,NA,NA
"61",2018-03-20,1062,7.3,24.6,4.9,22,21,NA,4.6,13.4,NA,NA,NA,NA,NA,NA,NA,NA,NA,NA
"62",2018-03-21,1061,7.3,24.6,4.8,22,21,NA,4.6,13.4,NA,NA,NA,NA,NA,NA,NA,NA,NA,NA
"63",2018-03-22,1060,7.3,24.6,4.8,22,21,NA,4.6,13.4,NA,NA,NA,NA,NA,NA,NA,NA,NA,NA
"64",2018-03-23,1059,7.3,24.6,4.8,22,21,NA,4.5,13.4,NA,NA,NA,NA,NA,NA,NA,NA,NA,NA
"65",2018-03-24,1058,7.3,24.6,4.8,22,21,NA,4.5,13.4,NA,NA,NA,NA,NA,NA,NA,NA,NA,NA
"66",2018-03-25,1057,7.2,24.6,4.8,22,21,NA,4.5,13.4,NA,NA,NA,NA,NA,NA,NA,NA,NA,NA
"67",2018-03-26,1056,7.2,24.6,4.8,22,21,NA,4.5,13.5,NA,NA,NA,NA,NA,NA,NA,NA,NA,NA
"68",2018-03-27,1055,7.2,24.7,4.8,22,21,NA,4.5,13.5,NA,NA,NA,NA,NA,NA,NA,NA,NA,NA
"69",2018-03-28,1054,7.2,24.7,4.8,22,20.9,NA,4.5,13.5,NA,6,25.7,4.2,21,19.4,4.8,14.9,NA,NA
"70",2018-03-29,1053,7.2,24.7,4.8,22,20.9,NA,4.5,13.5,NA,NA,NA,NA,NA,NA,NA,NA,NA,NA
"71",2018-03-30,1052,7.2,24.7,4.8,22,20.9,NA,4.5,13.5,NA,NA,NA,NA,NA,NA,NA,NA,NA,NA
"72",2018-03-31,1051,7.2,24.7,4.8,22,20.9,NA,4.5,13.5,NA,NA,NA,NA,NA,NA,NA,NA,NA,NA
"73",2018-04-01,1050,7.2,24.7,4.8,22,20.9,NA,4.4,13.5,NA,NA,NA,NA,NA,NA,NA,NA,NA,NA
"74",2018-04-02,1049,7.2,24.7,4.8,22,20.8,NA,4.4,13.5,NA,NA,NA,NA,NA,NA,NA,NA,NA,NA
"75",2018-04-03,1048,7.2,24.7,4.8,22,20.8,NA,4.4,13.6,NA,NA,NA,NA,NA,NA,NA,NA,NA,NA
"76",2018-04-04,1047,7.2,24.7,4.8,21.9,20.8,NA,4.4,13.6,NA,NA,NA,NA,NA,NA,NA,NA,NA,NA
"77",2018-04-05,1046,7.2,24.7,4.8,21.9,20.8,NA,4.4,13.6,NA,NA,NA,NA,NA,NA,NA,NA,NA,NA
"78",2018-04-06,1045,7.1,24.8,4.8,21.9,20.7,NA,4.4,13.6,NA,NA,NA,NA,NA,NA,NA,NA,NA,NA
"79",2018-04-07,1044,7.1,24.8,4.8,21.9,20.7,NA,4.4,13.6,NA,NA,NA,NA,NA,NA,NA,NA,NA,NA
"80",2018-04-08,1043,7.1,24.8,4.8,21.9,20.7,NA,4.3,13.6,NA,NA,NA,NA,NA,NA,NA,NA,NA,NA
"81",2018-04-09,1042,7.1,24.8,4.8,21.9,20.7,NA,4.3,13.6,NA,NA,NA,NA,NA,NA,NA,NA,NA,NA
"82",2018-04-10,1041,7.1,24.8,4.9,21.9,20.6,NA,4.3,13.6,NA,NA,NA,NA,NA,NA,NA,NA,NA,NA
"83",2018-04-11,1040,7.1,24.8,4.9,21.9,20.6,NA,4.3,13.6,NA,NA,NA,NA,NA,NA,NA,NA,NA,NA
"84",2018-04-12,1039,7.1,24.8,4.9,21.9,20.6,NA,4.3,13.6,NA,NA,NA,NA,NA,NA,NA,NA,NA,NA
"85",2018-04-13,1038,7.1,24.8,4.9,21.9,20.6,NA,4.3,13.7,NA,NA,NA,NA,NA,NA,NA,NA,NA,NA
"86",2018-04-14,1037,7.1,24.8,4.9,21.9,20.6,NA,4.3,13.7,NA,NA,NA,NA,NA,NA,NA,NA,NA,NA
"87",2018-04-15,1036,7.1,24.8,4.9,21.9,20.5,NA,4.2,13.7,NA,NA,NA,NA,NA,NA,NA,NA,NA,NA
"88",2018-04-16,1035,7.1,24.9,4.9,21.9,20.5,NA,4.2,13.7,NA,NA,NA,NA,NA,NA,NA,NA,NA,NA
"89",2018-04-17,1034,7.1,24.9,4.9,21.9,20.5,NA,4.2,13.7,NA,NA,NA,NA,NA,NA,NA,NA,NA,NA
"90",2018-04-18,1033,7.1,24.9,4.9,21.9,20.5,NA,4.2,13.7,NA,NA,NA,NA,NA,NA,NA,NA,NA,NA
"91",2018-04-19,1032,7.1,24.9,5,21.9,20.5,NA,4.2,13.7,NA,NA,NA,NA,NA,NA,NA,NA,NA,NA
"92",2018-04-20,1031,7.1,24.9,5,21.9,20.4,NA,4.2,13.6,NA,5.4,26,3.8,21.8,18.7,4.5,15.2,NA,NA
"93",2018-04-21,1030,7.1,24.9,5,21.9,20.4,NA,4.2,13.6,NA,NA,NA,NA,NA,NA,NA,NA,NA,NA
"94",2018-04-22,1029,7.1,24.9,5,21.9,20.4,NA,4.2,13.6,NA,NA,NA,NA,NA,NA,NA,NA,NA,NA
"95",2018-04-23,1028,7.1,24.9,5,21.9,20.4,NA,4.2,13.6,NA,NA,NA,NA,NA,NA,NA,NA,NA,NA
"96",2018-04-24,1027,7.1,24.9,5,21.9,20.4,NA,4.2,13.6,NA,NA,NA,NA,NA,NA,NA,NA,NA,NA
"97",2018-04-25,1026,7.1,24.9,5.1,21.9,20.4,NA,4.1,13.6,NA,NA,NA,NA,NA,NA,NA,NA,NA,NA
"98",2018-04-26,1025,7.1,24.9,5.1,21.9,20.3,NA,4.1,13.6,NA,NA,NA,NA,NA,NA,NA,NA,NA,NA
"99",2018-04-27,1024,7.1,24.9,5.1,21.9,20.3,NA,4.1,13.6,NA,9.5,24.5,9,20.5,19.8,4.1,11,NA,NA
"100",2018-04-28,1023,7.1,24.9,5.1,21.9,20.3,NA,4.1,13.6,NA,NA,NA,NA,NA,NA,NA,NA,NA,NA
"101",2018-04-29,1022,7.1,24.9,5.1,21.9,20.3,NA,4.1,13.5,NA,NA,NA,NA,NA,NA,NA,NA,NA,NA
"102",2018-04-30,1021,7.2,25,5.2,21.9,20.3,NA,4.1,13.5,NA,NA,NA,NA,NA,NA,NA,NA,NA,NA
"103",2018-05-01,1020,7.2,25,5.2,21.9,20.3,NA,4.1,13.5,NA,NA,NA,NA,NA,NA,NA,NA,NA,NA
"104",2018-05-02,1019,7.2,25,5.2,21.9,20.3,NA,4.1,13.5,NA,NA,NA,NA,NA,NA,NA,NA,NA,NA
"105",2018-05-03,1018,7.2,25,5.2,21.9,20.2,NA,4.1,13.5,NA,NA,NA,NA,NA,NA,NA,NA,NA,NA
"106",2018-05-04,1017,7.2,25,5.2,21.9,20.2,NA,4.1,13.5,NA,NA,NA,NA,NA,NA,NA,NA,NA,NA
"107",2018-05-05,1016,7.2,25,5.3,21.9,20.2,NA,4.1,13.5,NA,NA,NA,NA,NA,NA,NA,NA,NA,NA
"108",2018-05-06,1015,7.2,25,5.3,21.9,20.2,NA,4.1,13.5,NA,NA,NA,NA,NA,NA,NA,NA,NA,NA
"109",2018-05-07,1014,7.2,25,5.3,21.9,20.2,NA,4.1,13.5,NA,NA,NA,NA,NA,NA,NA,NA,NA,NA
"110",2018-05-08,1013,7.2,24.9,5.3,21.8,20.2,NA,4.1,13.5,NA,NA,NA,NA,NA,NA,NA,NA,NA,NA
"111",2018-05-09,1012,7.2,24.9,5.3,21.8,20.2,NA,4.1,13.5,NA,NA,NA,NA,NA,NA,NA,NA,NA,NA
"112",2018-05-10,1011,7.2,24.9,5.4,21.8,20.2,NA,4.1,13.5,NA,NA,NA,NA,NA,NA,NA,NA,NA,NA
"113",2018-05-11,1010,7.2,24.9,5.4,21.8,20.2,NA,4.1,13.5,NA,NA,NA,NA,NA,NA,NA,NA,NA,NA
"114",2018-05-12,1009,7.2,24.9,5.4,21.8,20.2,NA,4.1,13.5,NA,NA,NA,NA,NA,NA,NA,NA,NA,NA
"115",2018-05-13,1008,7.2,24.9,5.4,21.8,20.2,NA,4.1,13.5,NA,NA,NA,NA,NA,NA,NA,NA,NA,NA
"116",2018-05-14,1007,7.2,24.9,5.4,21.8,20.2,NA,4.1,13.4,NA,NA,NA,NA,NA,NA,NA,NA,NA,NA
"117",2018-05-15,1006,7.3,24.9,5.5,21.8,20.2,NA,4.1,13.4,NA,NA,NA,NA,NA,NA,NA,NA,NA,NA
"118",2018-05-16,1005,7.3,24.9,5.5,21.8,20.2,NA,4.1,13.4,NA,NA,NA,NA,NA,NA,NA,NA,NA,NA
"119",2018-05-17,1004,7.3,24.9,5.5,21.8,20.2,NA,4.1,13.4,NA,NA,NA,NA,NA,NA,NA,NA,NA,NA
"120",2018-05-18,1003,7.3,24.9,5.5,21.8,20.2,NA,4.1,13.4,NA,NA,NA,NA,NA,NA,NA,NA,NA,NA
"121",2018-05-19,1002,7.3,24.9,5.5,21.8,20.2,NA,4.1,13.4,NA,NA,NA,NA,NA,NA,NA,NA,NA,NA
"122",2018-05-20,1001,7.3,24.9,5.5,21.8,20.2,NA,4.1,13.4,NA,NA,NA,NA,NA,NA,NA,NA,NA,NA
"123",2018-05-21,1000,7.3,24.9,5.6,21.7,20.2,NA,4.1,13.4,NA,NA,NA,NA,NA,NA,NA,NA,NA,NA
"124",2018-05-22,999,7.3,24.9,5.6,21.7,20.2,NA,4.1,13.4,NA,NA,NA,NA,NA,NA,NA,NA,NA,NA
"125",2018-05-23,998,7.3,24.8,5.6,21.7,20.2,NA,4.1,13.5,NA,NA,NA,NA,NA,NA,NA,NA,NA,NA
"126",2018-05-24,997,7.3,24.8,5.6,21.7,20.2,NA,4.1,13.5,NA,NA,NA,NA,NA,NA,NA,NA,NA,NA
"127",2018-05-25,996,7.3,24.8,5.6,21.7,20.2,NA,4.1,13.5,NA,NA,NA,NA,NA,NA,NA,NA,NA,NA
"128",2018-05-26,995,7.3,24.8,5.6,21.7,20.2,NA,4.1,13.5,NA,NA,NA,NA,NA,NA,NA,NA,NA,NA
"129",2018-05-27,994,7.3,24.8,5.6,21.7,20.2,NA,4.1,13.5,NA,NA,NA,NA,NA,NA,NA,NA,NA,NA
"130",2018-05-28,993,7.3,24.7,5.6,21.7,20.2,NA,4.1,13.5,NA,NA,NA,NA,NA,NA,NA,NA,NA,NA
"131",2018-05-29,992,7.3,24.7,5.6,21.7,20.2,NA,4.1,13.5,NA,NA,NA,NA,NA,NA,NA,NA,NA,NA
"132",2018-05-30,991,7.3,24.7,5.6,21.7,20.2,NA,4.1,13.6,NA,NA,NA,NA,NA,NA,NA,NA,NA,NA
"133",2018-05-31,990,7.3,24.7,5.6,21.7,20.2,NA,4.2,13.6,NA,NA,NA,NA,NA,NA,NA,NA,NA,NA
"134",2018-06-01,989,7.3,24.7,5.7,21.7,20.2,NA,4.2,13.6,NA,NA,NA,NA,NA,NA,NA,NA,NA,NA
"135",2018-06-02,988,7.3,24.6,5.7,21.7,20.2,NA,4.2,13.6,NA,NA,NA,NA,NA,NA,NA,NA,NA,NA
"136",2018-06-03,987,7.3,24.6,5.7,21.7,20.2,NA,4.2,13.6,NA,NA,NA,NA,NA,NA,NA,NA,NA,NA
"137",2018-06-04,986,7.4,24.6,5.7,21.7,20.2,NA,4.2,13.6,NA,NA,NA,NA,NA,NA,NA,NA,NA,NA
"138",2018-06-05,985,7.4,24.6,5.7,21.7,20.2,NA,4.2,13.6,NA,NA,NA,NA,NA,NA,NA,NA,NA,NA
"139",2018-06-06,984,7.4,24.6,5.7,21.7,20.2,NA,4.2,13.7,NA,NA,NA,NA,NA,NA,NA,NA,NA,NA
"140",2018-06-07,983,7.4,24.5,5.7,21.7,20.2,NA,4.2,13.7,NA,7.6,21.3,7.6,20.7,20.4,4.9,16.3,NA,NA
"141",2018-06-08,982,7.4,24.5,5.7,21.7,20.2,NA,4.2,13.7,NA,NA,NA,NA,NA,NA,NA,NA,NA,NA
"142",2018-06-09,981,7.4,24.5,5.7,21.7,20.2,NA,4.2,13.7,NA,NA,NA,NA,NA,NA,NA,NA,NA,NA
"143",2018-06-10,980,7.4,24.5,5.7,21.7,20.2,NA,4.2,13.7,NA,NA,NA,NA,NA,NA,NA,NA,NA,NA
"144",2018-06-11,979,7.4,24.4,5.7,21.7,20.2,NA,4.2,13.7,NA,NA,NA,NA,NA,NA,NA,NA,NA,NA
"145",2018-06-12,978,7.4,24.4,5.7,21.7,20.2,NA,4.2,13.8,NA,NA,NA,NA,NA,NA,NA,NA,NA,NA
"146",2018-06-13,977,7.4,24.4,5.7,21.8,20.2,NA,4.2,13.8,NA,NA,NA,NA,NA,NA,NA,NA,NA,NA
"147",2018-06-14,976,7.4,24.4,5.8,21.8,20.2,NA,4.2,13.8,NA,NA,NA,NA,NA,NA,NA,NA,NA,NA
"148",2018-06-15,975,7.4,24.3,5.8,21.8,20.1,NA,4.2,13.8,NA,NA,NA,NA,NA,NA,NA,NA,NA,NA
"149",2018-06-16,974,7.4,24.3,5.8,21.8,20.1,NA,4.2,13.8,NA,NA,NA,NA,NA,NA,NA,NA,NA,NA
"150",2018-06-17,973,7.4,24.3,5.8,21.8,20.1,NA,4.2,13.9,NA,NA,NA,NA,NA,NA,NA,NA,NA,NA
"151",2018-06-18,972,7.4,24.2,5.8,21.8,20.1,NA,4.2,13.9,NA,NA,NA,NA,NA,NA,NA,NA,NA,NA
"152",2018-06-19,971,7.4,24.2,5.8,21.8,20.1,NA,4.2,13.9,NA,NA,NA,NA,NA,NA,NA,NA,NA,NA
"153",2018-06-20,970,7.4,24.2,5.8,21.8,20.1,NA,4.2,13.9,NA,NA,NA,NA,NA,NA,NA,NA,NA,NA
"154",2018-06-21,969,7.4,24.2,5.8,21.9,20.1,NA,4.2,13.9,NA,7,24,4.5,24.3,20.1,4.1,14.6,NA,NA
"155",2018-06-22,968,7.5,24.1,5.8,21.9,20.1,NA,4.2,14,NA,NA,NA,NA,NA,NA,NA,NA,NA,NA
"156",2018-06-23,967,7.5,24.1,5.8,21.9,20.1,NA,4.2,14,NA,NA,NA,NA,NA,NA,NA,NA,NA,NA
"157",2018-06-24,966,7.5,24.1,5.8,21.9,20,NA,4.2,14,NA,NA,NA,NA,NA,NA,NA,NA,NA,NA
"158",2018-06-25,965,7.5,24.1,5.8,21.9,20,NA,4.2,14,NA,NA,NA,NA,NA,NA,NA,NA,NA,NA
"159",2018-06-26,964,7.5,24,5.8,21.9,20,NA,4.2,14,NA,NA,NA,NA,NA,NA,NA,NA,NA,NA
"160",2018-06-27,963,7.5,24,5.8,21.9,20,NA,4.2,14,NA,NA,NA,NA,NA,NA,NA,NA,NA,NA
"161",2018-06-28,962,7.5,24,5.9,22,20,NA,4.2,14.1,NA,NA,NA,NA,NA,NA,NA,NA,NA,NA
"162",2018-06-29,961,7.5,24,5.9,22,20,NA,4.2,14.1,NA,NA,NA,NA,NA,NA,NA,NA,NA,NA
"163",2018-06-30,960,7.5,23.9,5.9,22,19.9,NA,4.2,14.1,NA,NA,NA,NA,NA,NA,NA,NA,NA,NA
"164",2018-07-01,959,7.5,23.9,5.9,22,19.9,NA,4.2,14.1,NA,NA,NA,NA,NA,NA,NA,NA,NA,NA
"165",2018-07-02,958,7.5,23.9,5.9,22,19.9,NA,4.2,14.1,NA,NA,NA,NA,NA,NA,NA,NA,NA,NA
"166",2018-07-03,957,7.5,23.9,5.9,22.1,19.9,NA,4.2,14.1,NA,NA,NA,NA,NA,NA,NA,NA,NA,NA
"167",2018-07-04,956,7.6,23.8,5.9,22.1,19.8,NA,4.2,14.1,NA,NA,NA,NA,NA,NA,NA,NA,NA,NA
"168",2018-07-05,955,7.6,23.8,5.9,22.1,19.8,NA,4.2,14.2,NA,NA,NA,NA,NA,NA,NA,NA,NA,NA
"169",2018-07-06,954,7.6,23.8,5.9,22.1,19.8,NA,4.2,14.2,NA,NA,NA,NA,NA,NA,NA,NA,NA,NA
"170",2018-07-07,953,7.6,23.8,5.9,22.2,19.8,NA,4.2,14.2,NA,NA,NA,NA,NA,NA,NA,NA,NA,NA
"171",2018-07-08,952,7.6,23.7,5.9,22.2,19.8,NA,4.2,14.2,NA,NA,NA,NA,NA,NA,NA,NA,NA,NA
"172",2018-07-09,951,7.6,23.7,5.9,22.2,19.7,NA,4.2,14.2,NA,NA,NA,NA,NA,NA,NA,NA,NA,NA
"173",2018-07-10,950,7.6,23.7,5.9,22.2,19.7,NA,4.2,14.2,NA,NA,NA,NA,NA,NA,NA,NA,NA,NA
"174",2018-07-11,949,7.6,23.7,5.9,22.2,19.7,NA,4.2,14.2,NA,8.5,21.5,6.5,23.5,16.5,4.5,15.5,NA,NA
"175",2018-07-12,948,7.6,23.7,5.9,22.2,19.7,NA,4.2,14.2,NA,NA,NA,NA,NA,NA,NA,NA,NA,NA
"176",2018-07-13,947,7.6,23.6,5.9,22.2,19.7,NA,4.2,14.2,NA,NA,NA,NA,NA,NA,NA,NA,NA,NA
"177",2018-07-14,946,7.6,23.6,5.9,22.3,19.7,NA,4.2,14.3,NA,7.8,21.4,7,24,17.9,3.8,15.5,NA,NA
"178",2018-07-15,945,7.6,23.6,5.9,22.3,19.6,NA,4.2,14.3,NA,NA,NA,NA,NA,NA,NA,NA,NA,NA
"179",2018-07-16,944,7.6,23.6,5.9,22.3,19.6,NA,4.2,14.3,NA,NA,NA,NA,NA,NA,NA,NA,NA,NA
"180",2018-07-17,943,7.6,23.6,5.9,22.3,19.6,NA,4.2,14.3,NA,NA,NA,NA,NA,NA,NA,NA,NA,NA
"181",2018-07-18,942,7.7,23.6,5.9,22.3,19.6,NA,4.2,14.3,NA,NA,NA,NA,NA,NA,NA,NA,NA,NA
"182",2018-07-19,941,7.7,23.6,5.9,22.3,19.6,NA,4.2,14.3,NA,NA,NA,NA,NA,NA,NA,NA,NA,NA
"183",2018-07-20,940,7.7,23.5,6,22.3,19.6,NA,4.2,14.3,NA,NA,NA,NA,NA,NA,NA,NA,NA,NA
"184",2018-07-21,939,7.7,23.5,6,22.3,19.5,NA,4.2,14.3,NA,NA,NA,NA,NA,NA,NA,NA,NA,NA
"185",2018-07-22,938,7.7,23.5,6,22.3,19.5,NA,4.2,14.3,NA,NA,NA,NA,NA,NA,NA,NA,NA,NA
"186",2018-07-23,937,7.7,23.5,6,22.4,19.5,NA,4.2,14.3,NA,NA,NA,NA,NA,NA,NA,NA,NA,NA
"187",2018-07-24,936,7.7,23.5,6,22.4,19.5,NA,4.2,14.3,NA,NA,NA,NA,NA,NA,NA,NA,NA,NA
"188",2018-07-25,935,7.7,23.5,6,22.4,19.5,NA,4.2,14.3,NA,NA,NA,NA,NA,NA,NA,NA,NA,NA
"189",2018-07-26,934,7.7,23.5,6,22.4,19.5,NA,4.2,14.3,NA,NA,NA,NA,NA,NA,NA,NA,NA,NA
"190",2018-07-27,933,7.7,23.5,6,22.4,19.5,NA,4.2,14.4,NA,NA,NA,NA,NA,NA,NA,NA,NA,NA
"191",2018-07-28,932,7.7,23.4,6,22.4,19.4,NA,4.2,14.4,NA,NA,NA,NA,NA,NA,NA,NA,NA,NA
"192",2018-07-29,931,7.7,23.4,6,22.4,19.4,NA,4.2,14.4,NA,NA,NA,NA,NA,NA,NA,NA,NA,NA
"193",2018-07-30,930,7.7,23.4,6,22.4,19.4,NA,4.2,14.4,NA,NA,NA,NA,NA,NA,NA,NA,NA,NA
"194",2018-07-31,929,7.7,23.4,6,22.4,19.4,NA,4.2,14.4,NA,NA,NA,NA,NA,NA,NA,NA,NA,NA
"195",2018-08-01,928,7.7,23.4,6,22.4,19.4,NA,4.2,14.4,NA,NA,NA,NA,NA,NA,NA,NA,NA,NA
"196",2018-08-02,927,7.7,23.4,6,22.4,19.4,NA,4.2,14.4,NA,NA,NA,NA,NA,NA,NA,NA,NA,NA
"197",2018-08-03,926,7.7,23.4,6,22.4,19.4,NA,4.2,14.4,NA,NA,NA,NA,NA,NA,NA,NA,NA,NA
"198",2018-08-04,925,7.7,23.4,6,22.4,19.4,NA,4.2,14.4,NA,NA,NA,NA,NA,NA,NA,NA,NA,NA
"199",2018-08-05,924,7.7,23.4,6,22.4,19.4,NA,4.2,14.4,NA,NA,NA,NA,NA,NA,NA,NA,NA,NA
"200",2018-08-06,923,7.7,23.4,6,22.4,19.4,NA,4.2,14.4,NA,NA,NA,NA,NA,NA,NA,NA,NA,NA
"201",2018-08-07,922,7.7,23.4,6,22.4,19.4,NA,4.2,14.4,NA,NA,NA,NA,NA,NA,NA,NA,NA,NA
"202",2018-08-08,921,7.7,23.4,6,22.4,19.4,NA,4.2,14.4,NA,NA,NA,NA,NA,NA,NA,NA,NA,NA
"203",2018-08-09,920,7.7,23.4,6,22.4,19.4,NA,4.2,14.4,NA,NA,NA,NA,NA,NA,NA,NA,NA,NA
"204",2018-08-10,919,7.7,23.4,6,22.4,19.4,NA,4.2,14.4,NA,NA,NA,NA,NA,NA,NA,NA,NA,NA
"205",2018-08-11,918,7.7,23.4,6,22.4,19.4,NA,4.2,14.4,NA,NA,NA,NA,NA,NA,NA,NA,NA,NA
"206",2018-08-12,917,7.7,23.4,6,22.4,19.4,NA,4.2,14.4,NA,NA,NA,NA,NA,NA,NA,NA,NA,NA
"207",2018-08-13,916,7.7,23.4,6,22.4,19.4,NA,4.2,14.4,NA,NA,NA,NA,NA,NA,NA,NA,NA,NA
"208",2018-08-14,915,7.7,23.4,6,22.4,19.4,NA,4.2,14.4,NA,NA,NA,NA,NA,NA,NA,NA,NA,NA
"209",2018-08-15,914,7.7,23.4,6,22.4,19.4,NA,4.2,14.4,NA,NA,NA,NA,NA,NA,NA,NA,NA,NA
"210",2018-08-16,913,7.7,23.4,6,22.4,19.4,NA,4.2,14.4,NA,NA,NA,NA,NA,NA,NA,NA,NA,NA
"211",2018-08-17,912,7.7,23.4,6,22.4,19.4,NA,4.2,14.4,NA,NA,NA,NA,NA,NA,NA,NA,NA,NA
"212",2018-08-18,911,7.7,23.4,6,22.4,19.4,NA,4.2,14.4,NA,NA,NA,NA,NA,NA,NA,NA,NA,NA
"213",2018-08-19,910,7.7,23.3,6,22.4,19.3,NA,4.2,14.5,NA,NA,NA,NA,NA,NA,NA,NA,NA,NA
"214",2018-08-20,909,7.7,23.3,6,22.4,19.3,NA,4.2,14.5,NA,NA,NA,NA,NA,NA,NA,NA,NA,NA
"215",2018-08-21,908,7.7,23.3,6,22.4,19.3,NA,4.2,14.5,NA,NA,NA,NA,NA,NA,NA,NA,NA,NA
"216",2018-08-22,907,7.7,23.3,6,22.5,19.3,NA,4.2,14.5,NA,NA,NA,NA,NA,NA,NA,NA,NA,NA
"217",2018-08-23,906,7.7,23.3,6,22.5,19.3,NA,4.2,14.5,NA,NA,NA,NA,NA,NA,NA,NA,NA,NA
"218",2018-08-24,905,7.7,23.3,6,22.5,19.3,NA,4.2,14.5,NA,NA,NA,NA,NA,NA,NA,NA,NA,NA
"219",2018-08-25,904,7.7,23.3,6,22.5,19.3,NA,4.2,14.5,NA,NA,NA,NA,NA,NA,NA,NA,NA,NA
"220",2018-08-26,903,7.7,23.3,6,22.5,19.3,NA,4.2,14.5,NA,NA,NA,NA,NA,NA,NA,NA,NA,NA
"221",2018-08-27,902,7.7,23.3,6,22.5,19.3,NA,4.2,14.5,NA,NA,NA,NA,NA,NA,NA,NA,NA,NA
"222",2018-08-28,901,7.7,23.3,6,22.5,19.3,NA,4.2,14.5,NA,NA,NA,NA,NA,NA,NA,NA,NA,NA
"223",2018-08-29,900,7.7,23.3,6,22.5,19.3,NA,4.2,14.5,NA,NA,NA,NA,NA,NA,NA,NA,NA,NA
"224",2018-08-30,899,7.7,23.3,6,22.5,19.3,NA,4.2,14.5,NA,7.3,22.3,5.5,25.1,18.4,5.1,14.9,NA,NA
"225",2018-08-31,898,7.7,23.3,6,22.5,19.3,NA,4.2,14.5,NA,NA,NA,NA,NA,NA,NA,NA,NA,NA
"226",2018-09-01,897,7.6,23.3,6,22.5,19.3,NA,4.2,14.5,NA,NA,NA,NA,NA,NA,NA,NA,NA,NA
"227",2018-09-02,896,7.6,23.3,6,22.6,19.3,NA,4.2,14.5,NA,NA,NA,NA,NA,NA,NA,NA,NA,NA
"228",2018-09-03,895,7.6,23.3,6,22.6,19.2,NA,4.3,14.5,NA,NA,NA,NA,NA,NA,NA,NA,NA,NA
"229",2018-09-04,894,7.6,23.3,6,22.6,19.2,NA,4.3,14.6,NA,NA,NA,NA,NA,NA,NA,NA,NA,NA
"230",2018-09-05,893,7.6,23.3,6,22.6,19.2,NA,4.3,14.6,NA,NA,NA,NA,NA,NA,NA,NA,NA,NA
"231",2018-09-06,892,7.6,23.3,6,22.6,19.2,NA,4.3,14.6,NA,NA,NA,NA,NA,NA,NA,NA,NA,NA
"232",2018-09-07,891,7.6,23.3,6,22.6,19.2,NA,4.3,14.6,NA,NA,NA,NA,NA,NA,NA,NA,NA,NA
"233",2018-09-08,890,7.6,23.3,6,22.7,19.2,NA,4.3,14.6,NA,NA,NA,NA,NA,NA,NA,NA,NA,NA
"234",2018-09-09,889,7.6,23.3,6,22.7,19.1,NA,4.2,14.6,NA,NA,NA,NA,NA,NA,NA,NA,NA,NA
"235",2018-09-10,888,7.6,23.3,6,22.7,19.1,NA,4.2,14.6,NA,NA,NA,NA,NA,NA,NA,NA,NA,NA
"236",2018-09-11,887,7.6,23.3,6,22.7,19.1,NA,4.2,14.6,NA,NA,NA,NA,NA,NA,NA,NA,NA,NA
"237",2018-09-12,886,7.6,23.3,6,22.8,19.1,NA,4.2,14.6,NA,NA,NA,NA,NA,NA,NA,NA,NA,NA
"238",2018-09-13,885,7.6,23.3,6,22.8,19.1,NA,4.2,14.6,NA,NA,NA,NA,NA,NA,NA,NA,NA,NA
"239",2018-09-14,884,7.6,23.3,6,22.8,19,NA,4.2,14.7,NA,NA,NA,NA,NA,NA,NA,NA,NA,NA
"240",2018-09-15,883,7.6,23.3,6,22.8,19,NA,4.2,14.7,NA,NA,NA,NA,NA,NA,NA,NA,NA,NA
"241",2018-09-16,882,7.6,23.3,6,22.8,19,NA,4.2,14.7,NA,NA,NA,NA,NA,NA,NA,NA,NA,NA
"242",2018-09-17,881,7.6,23.3,6,22.9,19,NA,4.2,14.7,NA,NA,NA,NA,NA,NA,NA,NA,NA,NA
"243",2018-09-18,880,7.6,23.3,6,22.9,19,NA,4.2,14.7,NA,7,21.9,7,27.7,14.9,3.2,16.1,NA,NA
"244",2018-09-19,879,7.6,23.2,6,22.9,18.9,NA,4.2,14.7,NA,NA,NA,NA,NA,NA,NA,NA,NA,NA
"245",2018-09-20,878,7.6,23.2,6,22.9,18.9,NA,4.2,14.7,NA,NA,NA,NA,NA,NA,NA,NA,NA,NA
"246",2018-09-21,877,7.6,23.2,6,22.9,18.9,NA,4.2,14.7,NA,NA,NA,NA,NA,NA,NA,NA,NA,NA
"247",2018-09-22,876,7.6,23.2,6,22.9,18.9,NA,4.2,14.7,NA,NA,NA,NA,NA,NA,NA,NA,NA,NA
"248",2018-09-23,875,7.6,23.2,6,23,18.9,NA,4.2,14.7,NA,NA,NA,NA,NA,NA,NA,NA,NA,NA
"249",2018-09-24,874,7.6,23.2,6,23,18.9,NA,4.2,14.7,NA,NA,NA,NA,NA,NA,NA,NA,NA,NA
"250",2018-09-25,873,7.6,23.2,6,23,18.8,NA,4.2,14.7,NA,NA,NA,NA,NA,NA,NA,NA,NA,NA
"251",2018-09-26,872,7.5,23.2,6,23,18.8,NA,4.2,14.7,NA,NA,NA,NA,NA,NA,NA,NA,NA,NA
"252",2018-09-27,871,7.5,23.2,6,23,18.8,NA,4.2,14.8,NA,NA,NA,NA,NA,NA,NA,NA,NA,NA
"253",2018-09-28,870,7.5,23.2,6,23,18.8,NA,4.2,14.8,NA,6.5,23.7,3.9,23.9,16.2,5.3,15.8,NA,NA
"254",2018-09-29,869,7.5,23.2,6,23.1,18.8,NA,4.2,14.8,NA,NA,NA,NA,NA,NA,NA,NA,NA,NA
"255",2018-09-30,868,7.5,23.2,6,23.1,18.8,NA,4.2,14.8,NA,NA,NA,NA,NA,NA,NA,NA,NA,NA
"256",2018-10-01,867,7.5,23.2,6,23.1,18.7,NA,4.2,14.8,NA,NA,NA,NA,NA,NA,NA,NA,NA,NA
"257",2018-10-02,866,7.5,23.2,6,23.1,18.7,NA,4.2,14.8,NA,NA,NA,NA,NA,NA,NA,NA,NA,NA
"258",2018-10-03,865,7.5,23.2,6,23.1,18.7,NA,4.2,14.8,NA,NA,NA,NA,NA,NA,NA,NA,NA,NA
"259",2018-10-04,864,7.5,23.2,6,23.1,18.7,NA,4.2,14.8,NA,NA,NA,NA,NA,NA,NA,NA,NA,NA
"260",2018-10-05,863,7.5,23.2,6,23.2,18.7,NA,4.2,14.8,NA,NA,NA,NA,NA,NA,NA,NA,NA,NA
"261",2018-10-06,862,7.5,23.2,6,23.2,18.7,NA,4.2,14.8,NA,NA,NA,NA,NA,NA,NA,NA,NA,NA
"262",2018-10-07,861,7.5,23.2,6,23.2,18.6,NA,4.2,14.8,NA,NA,NA,NA,NA,NA,NA,NA,NA,NA
"263",2018-10-08,860,7.5,23.2,6,23.2,18.6,NA,4.2,14.8,NA,NA,NA,NA,NA,NA,NA,NA,NA,NA
"264",2018-10-09,859,7.5,23.2,6,23.2,18.6,NA,4.2,14.8,NA,NA,NA,NA,NA,NA,NA,NA,NA,NA
"265",2018-10-10,858,7.5,23.2,6,23.2,18.6,NA,4.2,14.8,NA,NA,NA,NA,NA,NA,NA,NA,NA,NA
"266",2018-10-11,857,7.5,23.2,6,23.2,18.6,NA,4.2,14.8,NA,NA,NA,NA,NA,NA,NA,NA,NA,NA
"267",2018-10-12,856,7.5,23.2,6,23.2,18.6,NA,4.2,14.8,NA,NA,NA,NA,NA,NA,NA,NA,NA,NA
"268",2018-10-13,855,7.5,23.2,6,23.2,18.6,NA,4.2,14.8,NA,NA,NA,NA,NA,NA,NA,NA,NA,NA
"269",2018-10-14,854,7.5,23.2,6,23.2,18.5,NA,4.2,14.9,NA,NA,NA,NA,NA,NA,NA,NA,NA,NA
"270",2018-10-15,853,7.5,23.2,6,23.3,18.5,NA,4.2,14.9,NA,NA,NA,NA,NA,NA,NA,NA,NA,NA
"271",2018-10-16,852,7.5,23.2,6,23.3,18.5,NA,4.2,14.9,NA,NA,NA,NA,NA,NA,NA,NA,NA,NA
"272",2018-10-17,851,7.5,23.2,6,23.3,18.5,NA,4.2,14.9,NA,NA,NA,NA,NA,NA,NA,NA,NA,NA
"273",2018-10-18,850,7.5,23.2,6,23.3,18.5,NA,4.2,14.9,NA,NA,NA,NA,NA,NA,NA,NA,NA,NA
"274",2018-10-19,849,7.5,23.2,6,23.3,18.5,NA,4.2,14.9,NA,NA,NA,NA,NA,NA,NA,NA,NA,NA
"275",2018-10-20,848,7.5,23.2,6,23.3,18.5,NA,4.2,14.9,NA,NA,NA,NA,NA,NA,NA,NA,NA,NA
"276",2018-10-21,847,7.5,23.2,6,23.3,18.5,NA,4.2,14.9,NA,NA,NA,NA,NA,NA,NA,NA,NA,NA
"277",2018-10-22,846,7.5,23.2,6,23.3,18.4,NA,4.2,14.9,NA,NA,NA,NA,NA,NA,NA,NA,NA,NA
"278",2018-10-23,845,7.5,23.2,6,23.3,18.4,NA,4.2,14.9,NA,NA,NA,NA,NA,NA,NA,NA,NA,NA
"279",2018-10-24,844,7.5,23.2,6,23.3,18.4,NA,4.2,14.9,NA,NA,NA,NA,NA,NA,NA,NA,NA,NA
"280",2018-10-25,843,7.5,23.2,6,23.3,18.4,NA,4.2,14.9,NA,7.5,22.5,7.4,25.3,14.5,3.5,17.3,NA,NA
"281",2018-10-26,842,7.5,23.2,6,23.3,18.4,NA,4.2,14.9,NA,NA,NA,NA,NA,NA,NA,NA,NA,NA
"282",2018-10-27,841,7.5,23.2,6,23.3,18.4,NA,4.2,14.9,NA,NA,NA,NA,NA,NA,NA,NA,NA,NA
"283",2018-10-28,840,7.5,23.2,6,23.4,18.4,NA,4.2,14.9,NA,NA,NA,NA,NA,NA,NA,NA,NA,NA
"284",2018-10-29,839,7.5,23.2,6,23.4,18.4,NA,4.2,14.9,NA,NA,NA,NA,NA,NA,NA,NA,NA,NA
"285",2018-10-30,838,7.5,23.2,6,23.4,18.4,NA,4.2,14.9,NA,NA,NA,NA,NA,NA,NA,NA,NA,NA
"286",2018-10-31,837,7.5,23.2,6,23.4,18.3,NA,4.2,14.9,NA,NA,NA,NA,NA,NA,NA,NA,NA,NA
"287",2018-11-01,836,7.5,23.1,6.1,23.4,18.3,NA,4.2,15,NA,NA,NA,NA,NA,NA,NA,NA,NA,NA
"288",2018-11-02,835,7.6,23.1,6.1,23.4,18.3,NA,4.2,15,NA,NA,NA,NA,NA,NA,NA,NA,NA,NA
"289",2018-11-03,834,7.6,23.1,6.1,23.4,18.3,NA,4.2,15,NA,NA,NA,NA,NA,NA,NA,NA,NA,NA
"290",2018-11-04,833,7.6,23.1,6.1,23.4,18.3,NA,4.2,15,NA,NA,NA,NA,NA,NA,NA,NA,NA,NA
"291",2018-11-05,832,7.6,23.1,6.1,23.4,18.3,NA,4.2,15,NA,NA,NA,NA,NA,NA,NA,NA,NA,NA
"292",2018-11-06,831,7.6,23.1,6.1,23.4,18.3,NA,4.2,15,NA,NA,NA,NA,NA,NA,NA,NA,NA,NA
"293",2018-11-07,830,7.6,23.1,6.1,23.4,18.3,NA,4.2,15,NA,NA,NA,NA,NA,NA,NA,NA,NA,NA
"294",2018-11-08,829,7.6,23.1,6.1,23.4,18.3,NA,4.2,15,NA,NA,NA,NA,NA,NA,NA,NA,NA,NA
"295",2018-11-09,828,7.6,23.1,6.1,23.4,18.2,NA,4.2,15,NA,NA,NA,NA,NA,NA,NA,NA,NA,NA
"296",2018-11-10,827,7.6,23.1,6.1,23.4,18.2,NA,4.2,15,NA,NA,NA,NA,NA,NA,NA,NA,NA,NA
"297",2018-11-11,826,7.6,23.1,6.1,23.4,18.2,NA,4.2,15,NA,NA,NA,NA,NA,NA,NA,NA,NA,NA
"298",2018-11-12,825,7.6,23.1,6.1,23.4,18.2,NA,4.2,15,NA,10.4,21.4,8.5,25.1,14.8,3.3,14.5,NA,NA
"299",2018-11-13,824,7.6,23.1,6.1,23.4,18.2,NA,4.1,15,NA,NA,NA,NA,NA,NA,NA,NA,NA,NA
"300",2018-11-14,823,7.6,23.1,6.1,23.4,18.2,NA,4.1,15,NA,NA,NA,NA,NA,NA,NA,NA,NA,NA
"301",2018-11-15,822,7.6,23.1,6.2,23.5,18.2,NA,4.1,15,NA,NA,NA,NA,NA,NA,NA,NA,NA,NA
"302",2018-11-16,821,7.6,23.1,6.2,23.5,18.2,NA,4.1,15,NA,NA,NA,NA,NA,NA,NA,NA,NA,NA
"303",2018-11-17,820,7.6,23.1,6.2,23.5,18.2,NA,4.1,15,NA,NA,NA,NA,NA,NA,NA,NA,NA,NA
"304",2018-11-18,819,7.6,23.1,6.2,23.5,18.2,NA,4.1,15,NA,NA,NA,NA,NA,NA,NA,NA,NA,NA
"305",2018-11-19,818,7.6,23.1,6.2,23.5,18.2,NA,4.1,15,NA,NA,NA,NA,NA,NA,NA,NA,NA,NA
"306",2018-11-20,817,7.6,23,6.2,23.5,18.2,NA,4.1,15,NA,NA,NA,NA,NA,NA,NA,NA,NA,NA
"307",2018-11-21,816,7.6,23,6.2,23.5,18.1,NA,4.1,15,NA,NA,NA,NA,NA,NA,NA,NA,NA,NA
"308",2018-11-22,815,7.7,23,6.2,23.5,18.1,NA,4.1,15,NA,NA,NA,NA,NA,NA,NA,NA,NA,NA
"309",2018-11-23,814,7.7,23,6.2,23.5,18.1,NA,4.1,15,NA,NA,NA,NA,NA,NA,NA,NA,NA,NA
"310",2018-11-24,813,7.7,23,6.2,23.5,18.1,NA,4.1,15,NA,NA,NA,NA,NA,NA,NA,NA,NA,NA
"311",2018-11-25,812,7.7,23,6.2,23.5,18.1,NA,4.1,15,NA,NA,NA,NA,NA,NA,NA,NA,NA,NA
"312",2018-11-26,811,7.7,23,6.2,23.5,18.1,NA,4.1,15,NA,NA,NA,NA,NA,NA,NA,NA,NA,NA
"313",2018-11-27,810,7.7,23,6.2,23.5,18.1,NA,4.1,15,NA,NA,NA,NA,NA,NA,NA,NA,NA,NA
"314",2018-11-28,809,7.7,23,6.2,23.5,18.1,NA,4.1,15,NA,NA,NA,NA,NA,NA,NA,NA,NA,NA
"315",2018-11-29,808,7.7,23,6.2,23.5,18.1,NA,4.1,15,NA,NA,NA,NA,NA,NA,NA,NA,NA,NA
"316",2018-11-30,807,7.7,23,6.2,23.5,18.1,NA,4.1,15,NA,NA,NA,NA,NA,NA,NA,NA,NA,NA
"317",2018-12-01,806,7.7,23,6.2,23.5,18.1,NA,4.1,15,NA,NA,NA,NA,NA,NA,NA,NA,NA,NA
"318",2018-12-02,805,7.7,23,6.2,23.5,18.1,NA,4.1,15,NA,NA,NA,NA,NA,NA,NA,NA,NA,NA
"319",2018-12-03,804,7.7,23,6.2,23.5,18.1,NA,4.1,15,NA,NA,NA,NA,NA,NA,NA,NA,NA,NA
"320",2018-12-04,803,7.7,23,6.2,23.5,18,NA,4.1,15,NA,NA,NA,NA,NA,NA,NA,NA,NA,NA
"321",2018-12-05,802,7.7,23,6.2,23.5,18,NA,4.1,15,NA,NA,NA,NA,NA,NA,NA,NA,NA,NA
"322",2018-12-06,801,7.7,23,6.2,23.6,18,NA,4.1,15,NA,NA,NA,NA,NA,NA,NA,NA,NA,NA
"323",2018-12-07,800,7.7,23,6.2,23.6,18,NA,4.1,15,NA,NA,NA,NA,NA,NA,NA,NA,NA,NA
"324",2018-12-08,799,7.7,23,6.2,23.6,18,NA,4.1,15,NA,NA,NA,NA,NA,NA,NA,NA,NA,NA
"325",2018-12-09,798,7.7,23.1,6.3,23.6,18,NA,4.1,15,NA,NA,NA,NA,NA,NA,NA,NA,NA,NA
"326",2018-12-10,797,7.7,23.1,6.3,23.6,18,NA,4.1,15,NA,NA,NA,NA,NA,NA,NA,NA,NA,NA
"327",2018-12-11,796,7.7,23.1,6.3,23.6,18,NA,4.1,15,NA,NA,NA,NA,NA,NA,NA,NA,NA,NA
"328",2018-12-12,795,7.7,23.1,6.3,23.6,18,NA,4.1,14.9,1.1,7.1,23.4,8.3,25.7,16.2,2.5,13.9,1.1,NA
"329",2018-12-13,794,7.7,23.1,6.3,23.6,18,NA,4.1,14.9,1.1,NA,NA,NA,NA,NA,NA,NA,NA,NA
"330",2018-12-14,793,7.7,23.1,6.3,23.6,18,NA,4.1,14.9,1.1,NA,NA,NA,NA,NA,NA,NA,NA,NA
"331",2018-12-15,792,7.7,23.1,6.3,23.6,18,NA,4.1,14.9,1.1,NA,NA,NA,NA,NA,NA,NA,NA,NA
"332",2018-12-16,791,7.7,23.1,6.3,23.6,18,NA,4.1,14.9,1.2,NA,NA,NA,NA,NA,NA,NA,NA,NA
"333",2018-12-17,790,7.6,23.1,6.3,23.6,18,NA,4.1,14.9,1.2,NA,NA,NA,NA,NA,NA,NA,NA,NA
"334",2018-12-18,789,7.6,23.1,6.3,23.6,18,NA,4.1,14.9,1.2,NA,NA,NA,NA,NA,NA,NA,NA,NA
"335",2018-12-19,788,7.6,23.1,6.3,23.6,17.9,NA,4.1,14.9,1.2,NA,NA,NA,NA,NA,NA,NA,NA,NA
"336",2018-12-20,787,7.6,23.1,6.3,23.6,17.9,NA,4.1,14.9,1.3,NA,NA,NA,NA,NA,NA,NA,NA,NA
"337",2018-12-21,786,7.6,23.1,6.3,23.6,17.9,NA,4.1,14.9,1.3,NA,NA,NA,NA,NA,NA,NA,NA,NA
"338",2018-12-22,785,7.6,23.1,6.3,23.6,17.9,NA,4.1,14.9,1.3,NA,NA,NA,NA,NA,NA,NA,NA,NA
"339",2018-12-23,784,7.6,23.1,6.3,23.6,17.9,NA,4,14.9,1.3,NA,NA,NA,NA,NA,NA,NA,NA,NA
"340",2018-12-24,783,7.6,23.1,6.3,23.6,17.9,NA,4,14.9,1.3,7.7,25,5,24.1,14.9,4.4,15,2,NA
"341",2018-12-25,782,7.6,23.1,6.3,23.6,17.9,NA,4,14.9,1.4,NA,NA,NA,NA,NA,NA,NA,NA,NA
"342",2018-12-26,781,7.6,23.1,6.3,23.6,17.9,NA,4,14.9,1.4,NA,NA,NA,NA,NA,NA,NA,NA,NA
"343",2018-12-27,780,7.6,23.2,6.3,23.6,17.9,NA,4,14.9,1.4,NA,NA,NA,NA,NA,NA,NA,NA,NA
"344",2018-12-28,779,7.6,23.2,6.3,23.7,17.9,NA,4,14.9,1.4,NA,NA,NA,NA,NA,NA,NA,NA,NA
"345",2018-12-29,778,7.6,23.2,6.3,23.7,17.9,NA,4,14.9,1.4,NA,NA,NA,NA,NA,NA,NA,NA,NA
"346",2018-12-30,777,7.6,23.2,6.3,23.7,17.9,NA,4,14.9,1.4,NA,NA,NA,NA,NA,NA,NA,NA,NA
"347",2018-12-31,776,7.6,23.2,6.3,23.7,17.9,NA,4,14.9,1.5,NA,NA,NA,NA,NA,NA,NA,NA,NA
"348",2019-01-01,775,7.6,23.2,6.3,23.7,17.9,NA,4,14.9,1.5,NA,NA,NA,NA,NA,NA,NA,NA,NA
"349",2019-01-02,774,7.6,23.2,6.3,23.7,17.9,NA,4,14.9,1.5,NA,NA,NA,NA,NA,NA,NA,NA,NA
"350",2019-01-03,773,7.6,23.2,6.3,23.7,17.8,NA,4,14.9,1.5,NA,NA,NA,NA,NA,NA,NA,NA,NA
"351",2019-01-04,772,7.6,23.2,6.3,23.7,17.8,NA,4,14.9,1.5,NA,NA,NA,NA,NA,NA,NA,NA,NA
"352",2019-01-05,771,7.6,23.2,6.3,23.7,17.8,NA,4,14.9,1.5,NA,NA,NA,NA,NA,NA,NA,NA,NA
"353",2019-01-06,770,7.6,23.2,6.3,23.7,17.8,NA,4,14.9,1.5,NA,NA,NA,NA,NA,NA,NA,NA,NA
"354",2019-01-07,769,7.6,23.2,6.3,23.7,17.8,NA,4,14.9,1.6,NA,NA,NA,NA,NA,NA,NA,NA,NA
"355",2019-01-08,768,7.6,23.2,6.3,23.7,17.8,NA,4,14.9,1.6,NA,NA,NA,NA,NA,NA,NA,NA,NA
"356",2019-01-09,767,7.6,23.2,6.3,23.7,17.8,NA,4,14.9,1.6,NA,NA,NA,NA,NA,NA,NA,NA,NA
"357",2019-01-10,766,7.6,23.2,6.3,23.7,17.8,NA,4,14.9,1.6,NA,NA,NA,NA,NA,NA,NA,NA,NA
"358",2019-01-11,765,7.6,23.2,6.3,23.7,17.8,NA,4,14.9,1.6,NA,NA,NA,NA,NA,NA,NA,NA,NA
"359",2019-01-12,764,7.6,23.2,6.3,23.7,17.8,NA,4,14.9,1.6,NA,NA,NA,NA,NA,NA,NA,NA,NA
"360",2019-01-13,763,7.6,23.2,6.3,23.7,17.8,NA,4,14.9,1.6,NA,NA,NA,NA,NA,NA,NA,NA,NA
"361",2019-01-14,762,7.6,23.2,6.3,23.7,17.8,NA,4,14.9,1.6,NA,NA,NA,NA,NA,NA,NA,NA,NA
"362",2019-01-15,761,7.6,23.2,6.3,23.7,17.8,NA,4,14.9,1.6,NA,NA,NA,NA,NA,NA,NA,NA,NA
"363",2019-01-16,760,7.6,23.2,6.3,23.7,17.8,NA,4,14.9,1.6,NA,NA,NA,NA,NA,NA,NA,NA,NA
"364",2019-01-17,759,7.6,23.2,6.3,23.7,17.8,NA,4,14.9,1.6,NA,NA,NA,NA,NA,NA,NA,NA,NA
"365",2019-01-18,758,7.6,23.2,6.3,23.7,17.8,NA,4,14.9,1.6,NA,NA,NA,NA,NA,NA,NA,NA,NA
"366",2019-01-19,757,7.6,23.2,6.3,23.7,17.8,NA,4,14.9,1.6,NA,NA,NA,NA,NA,NA,NA,NA,NA
"367",2019-01-20,756,7.6,23.2,6.3,23.7,17.8,NA,4,14.9,1.6,NA,NA,NA,NA,NA,NA,NA,NA,NA
"368",2019-01-21,755,7.6,23.2,6.3,23.7,17.8,NA,4,14.9,1.6,NA,NA,NA,NA,NA,NA,NA,NA,NA
"369",2019-01-22,754,7.6,23.2,6.3,23.7,17.8,NA,4,14.9,1.6,NA,NA,NA,NA,NA,NA,NA,NA,NA
"370",2019-01-23,753,7.6,23.2,6.3,23.7,17.8,NA,4,14.9,1.6,NA,NA,NA,NA,NA,NA,NA,NA,NA
"371",2019-01-24,752,7.6,23.2,6.3,23.7,17.8,NA,4,14.9,1.6,NA,NA,NA,NA,NA,NA,NA,NA,NA
"372",2019-01-25,751,7.6,23.2,6.3,23.7,17.8,NA,4,14.9,1.6,NA,NA,NA,NA,NA,NA,NA,NA,NA
"373",2019-01-26,750,7.6,23.2,6.3,23.7,17.8,NA,4,14.9,1.6,NA,NA,NA,NA,NA,NA,NA,NA,NA
"374",2019-01-27,749,7.6,23.2,6.3,23.7,17.8,NA,4,14.9,1.6,NA,NA,NA,NA,NA,NA,NA,NA,NA
"375",2019-01-28,748,7.6,23.2,6.3,23.7,17.8,NA,4,14.9,1.6,NA,NA,NA,NA,NA,NA,NA,NA,NA
"376",2019-01-29,747,7.6,23.2,6.3,23.7,17.8,NA,4,14.9,1.6,NA,NA,NA,NA,NA,NA,NA,NA,NA
"377",2019-01-30,746,7.6,23.2,6.3,23.7,17.8,NA,4,14.9,1.6,NA,NA,NA,NA,NA,NA,NA,NA,NA
"378",2019-01-31,745,7.6,23.2,6.3,23.7,17.8,NA,4,14.9,1.7,NA,NA,NA,NA,NA,NA,NA,NA,NA
"379",2019-02-01,744,7.6,23.2,6.3,23.7,17.8,NA,4,14.9,1.7,NA,NA,NA,NA,NA,NA,NA,NA,NA
"380",2019-02-02,743,7.6,23.2,6.3,23.7,17.8,NA,4,14.9,1.7,NA,NA,NA,NA,NA,NA,NA,NA,NA
"381",2019-02-03,742,7.6,23.2,6.3,23.7,17.8,NA,4,14.9,1.7,NA,NA,NA,NA,NA,NA,NA,NA,NA
"382",2019-02-04,741,7.6,23.2,6.3,23.7,17.8,NA,4,14.9,1.7,NA,NA,NA,NA,NA,NA,NA,NA,NA
"383",2019-02-05,740,7.6,23.2,6.3,23.7,17.8,NA,4,14.9,1.7,NA,NA,NA,NA,NA,NA,NA,NA,NA
"384",2019-02-06,739,7.6,23.2,6.3,23.7,17.8,NA,4,14.9,1.7,NA,NA,NA,NA,NA,NA,NA,NA,NA
"385",2019-02-07,738,7.6,23.2,6.3,23.7,17.8,NA,4,14.9,1.8,NA,NA,NA,NA,NA,NA,NA,NA,NA
"386",2019-02-08,737,7.6,23.2,6.3,23.7,17.8,NA,4,14.9,1.8,NA,NA,NA,NA,NA,NA,NA,NA,NA
"387",2019-02-09,736,7.6,23.2,6.3,23.7,17.8,NA,4,14.9,1.8,NA,NA,NA,NA,NA,NA,NA,NA,NA
"388",2019-02-10,735,7.6,23.2,6.3,23.7,17.8,NA,4,14.9,1.8,7.5,21.5,6.5,25.5,15,4,15.5,2.5,NA
"389",2019-02-11,734,7.6,23.2,6.3,23.7,17.8,NA,4,14.9,1.8,NA,NA,NA,NA,NA,NA,NA,NA,NA
"390",2019-02-12,733,7.6,23.1,6.3,23.8,17.7,NA,4,14.9,1.8,NA,NA,NA,NA,NA,NA,NA,NA,NA
"391",2019-02-13,732,7.6,23.1,6.3,23.8,17.7,NA,4,14.9,1.8,NA,NA,NA,NA,NA,NA,NA,NA,NA
"392",2019-02-14,731,7.6,23.1,6.3,23.8,17.7,NA,4,14.9,1.9,NA,NA,NA,NA,NA,NA,NA,NA,NA
"393",2019-02-15,730,7.6,23.1,6.3,23.8,17.7,NA,4,14.9,1.9,NA,NA,NA,NA,NA,NA,NA,NA,NA
"394",2019-02-16,729,7.6,23.1,6.3,23.8,17.7,NA,4,14.9,1.9,NA,NA,NA,NA,NA,NA,NA,NA,NA
"395",2019-02-17,728,7.6,23.1,6.3,23.8,17.7,NA,4,14.9,1.9,NA,NA,NA,NA,NA,NA,NA,NA,NA
"396",2019-02-18,727,7.6,23.1,6.3,23.8,17.7,NA,4,14.9,1.9,NA,NA,NA,NA,NA,NA,NA,NA,NA
"397",2019-02-19,726,7.6,23.1,6.3,23.8,17.7,NA,4,14.9,1.9,NA,NA,NA,NA,NA,NA,NA,NA,NA
"398",2019-02-20,725,7.6,23.1,6.3,23.8,17.7,NA,4,14.9,2,NA,NA,NA,NA,NA,NA,NA,NA,NA
"399",2019-02-21,724,7.6,23.1,6.3,23.8,17.7,NA,4,14.9,2,NA,NA,NA,NA,NA,NA,NA,NA,NA
"400",2019-02-22,723,7.6,23.1,6.3,23.8,17.7,NA,4,14.9,2,NA,NA,NA,NA,NA,NA,NA,NA,NA
"401",2019-02-23,722,7.6,23.1,6.3,23.8,17.7,NA,4,15,2,NA,NA,NA,NA,NA,NA,NA,NA,NA
"402",2019-02-24,721,7.6,23.1,6.3,23.8,17.7,NA,4,15,2,NA,NA,NA,NA,NA,NA,NA,NA,NA
"403",2019-02-25,720,7.6,23.1,6.3,23.8,17.7,NA,4,15,2,NA,NA,NA,NA,NA,NA,NA,NA,NA
"404",2019-02-26,719,7.6,23.1,6.3,23.8,17.7,NA,4,15,2,NA,NA,NA,NA,NA,NA,NA,NA,NA
"405",2019-02-27,718,7.6,23.1,6.3,23.8,17.7,NA,4,15,2,NA,NA,NA,NA,NA,NA,NA,NA,NA
"406",2019-02-28,717,7.6,23.1,6.3,23.8,17.7,NA,4,15,2,NA,NA,NA,NA,NA,NA,NA,NA,NA
"407",2019-03-01,716,7.6,23.1,6.3,23.8,17.7,NA,4,15,2,NA,NA,NA,NA,NA,NA,NA,NA,NA
"408",2019-03-02,715,7.6,23.1,6.3,23.8,17.7,NA,4,15,2,NA,NA,NA,NA,NA,NA,NA,NA,NA
"409",2019-03-03,714,7.6,23.1,6.3,23.8,17.7,NA,4,15,2,NA,NA,NA,NA,NA,NA,NA,NA,NA
"410",2019-03-04,713,7.6,23.1,6.3,23.8,17.7,NA,4,15,2,NA,NA,NA,NA,NA,NA,NA,NA,NA
"411",2019-03-05,712,7.6,23.1,6.3,23.8,17.7,NA,4,15,2,NA,NA,NA,NA,NA,NA,NA,NA,NA
"412",2019-03-06,711,7.6,23.1,6.3,23.8,17.7,NA,4,15,2,NA,NA,NA,NA,NA,NA,NA,NA,NA
"413",2019-03-07,710,7.6,23.1,6.3,23.8,17.7,NA,4,15,2,NA,NA,NA,NA,NA,NA,NA,NA,NA
"414",2019-03-08,709,7.6,23.1,6.3,23.8,17.7,NA,4,15,2,NA,NA,NA,NA,NA,NA,NA,NA,NA
"415",2019-03-09,708,7.6,23.1,6.3,23.8,17.7,NA,4,15,2,NA,NA,NA,NA,NA,NA,NA,NA,NA
"416",2019-03-10,707,7.6,23.1,6.3,23.8,17.7,NA,4,15,2,NA,NA,NA,NA,NA,NA,NA,NA,NA
"417",2019-03-11,706,7.6,23.1,6.3,23.8,17.7,NA,4,15,2,NA,NA,NA,NA,NA,NA,NA,NA,NA
"418",2019-03-12,705,7.6,23.1,6.3,23.8,17.7,NA,4,15,2,NA,NA,NA,NA,NA,NA,NA,NA,NA
"419",2019-03-13,704,7.6,23.1,6.3,23.8,17.7,NA,4,15,2,NA,NA,NA,NA,NA,NA,NA,NA,NA
"420",2019-03-14,703,7.6,23.1,6.3,23.8,17.7,NA,4,15,2,NA,NA,NA,NA,NA,NA,NA,NA,NA
"421",2019-03-15,702,7.6,23.1,6.3,23.9,17.6,NA,4,15,2,NA,NA,NA,NA,NA,NA,NA,NA,NA
"422",2019-03-16,701,7.6,23.1,6.3,23.9,17.6,NA,4,15,2,NA,NA,NA,NA,NA,NA,NA,NA,NA
"423",2019-03-17,700,7.6,23.1,6.3,23.9,17.6,NA,4,15,2,NA,NA,NA,NA,NA,NA,NA,NA,NA
"424",2019-03-18,699,7.6,23.1,6.3,23.9,17.6,NA,4,15,2,NA,NA,NA,NA,NA,NA,NA,NA,NA
"425",2019-03-19,698,7.6,23.1,6.3,23.9,17.6,NA,4,15,2,NA,NA,NA,NA,NA,NA,NA,NA,NA
"426",2019-03-20,697,7.6,23.1,6.3,23.9,17.6,NA,4,15,2,NA,NA,NA,NA,NA,NA,NA,NA,NA
"427",2019-03-21,696,7.6,23.1,6.3,23.9,17.6,NA,4,15,2,NA,NA,NA,NA,NA,NA,NA,NA,NA
"428",2019-03-22,695,7.6,23.1,6.3,23.9,17.6,NA,4,15,2,NA,NA,NA,NA,NA,NA,NA,NA,NA
"429",2019-03-23,694,7.6,23.1,6.3,23.9,17.6,NA,4,15,2,NA,NA,NA,NA,NA,NA,NA,NA,NA
"430",2019-03-24,693,7.6,23,6.3,23.9,17.6,NA,4,15,2,NA,NA,NA,NA,NA,NA,NA,NA,NA
"431",2019-03-25,692,7.6,23,6.3,23.9,17.6,NA,4,15,2,7,21.6,6.5,28.1,14.9,4,16.5,NA,NA
"432",2019-03-26,691,7.6,23,6.3,23.9,17.6,NA,4,15,2,NA,NA,NA,NA,NA,NA,NA,NA,NA
"433",2019-03-27,690,7.6,23,6.3,23.9,17.6,NA,4,15,2,NA,NA,NA,NA,NA,NA,NA,NA,NA
"434",2019-03-28,689,7.6,23,6.3,23.9,17.6,NA,4,15,2,NA,NA,NA,NA,NA,NA,NA,NA,NA
"435",2019-03-29,688,7.6,23,6.3,23.9,17.6,NA,4,15,2,NA,NA,NA,NA,NA,NA,NA,NA,NA
"436",2019-03-30,687,7.6,23,6.3,23.9,17.6,NA,4,15,2,NA,NA,NA,NA,NA,NA,NA,NA,NA
"437",2019-03-31,686,7.6,23,6.3,23.9,17.6,NA,4,15,2,NA,NA,NA,NA,NA,NA,NA,NA,NA
"438",2019-04-01,685,7.6,23,6.3,23.9,17.6,NA,4,15,2,NA,NA,NA,NA,NA,NA,NA,NA,NA
"439",2019-04-02,684,7.6,23,6.3,23.9,17.6,NA,4,15,2,NA,NA,NA,NA,NA,NA,NA,NA,NA
"440",2019-04-03,683,7.6,23,6.3,23.9,17.6,NA,4,15,2,NA,NA,NA,NA,NA,NA,NA,NA,NA
"441",2019-04-04,682,7.6,23,6.3,24,17.5,NA,4,15,2,NA,NA,NA,NA,NA,NA,NA,NA,NA
"442",2019-04-05,681,7.6,23,6.3,24,17.5,NA,4,15,2,NA,NA,NA,NA,NA,NA,NA,NA,NA
"443",2019-04-06,680,7.6,23,6.3,24,17.5,NA,4,15,2,NA,NA,NA,NA,NA,NA,NA,NA,NA
"444",2019-04-07,679,7.6,23,6.3,24,17.5,NA,4,15,2,NA,NA,NA,NA,NA,NA,NA,NA,NA
"445",2019-04-08,678,7.6,23,6.3,24,17.5,NA,4,15,2,NA,NA,NA,NA,NA,NA,NA,NA,NA
"446",2019-04-09,677,7.6,23,6.3,24,17.5,NA,4,15,2,NA,NA,NA,NA,NA,NA,NA,NA,NA
"447",2019-04-10,676,7.6,23,6.3,24,17.5,NA,4,15,2,NA,NA,NA,NA,NA,NA,NA,NA,NA
"448",2019-04-11,675,7.6,23,6.3,24,17.5,NA,4,15,2,NA,NA,NA,NA,NA,NA,NA,NA,NA
"449",2019-04-12,674,7.6,23,6.3,24,17.5,NA,4,15,2,NA,NA,NA,NA,NA,NA,NA,NA,NA
"450",2019-04-13,673,7.6,23,6.3,24,17.5,NA,4,15,2,NA,NA,NA,NA,NA,NA,NA,NA,NA
"451",2019-04-14,672,7.6,23,6.3,24,17.5,NA,4,15,2,NA,NA,NA,NA,NA,NA,NA,NA,NA
"452",2019-04-15,671,7.6,23,6.3,24,17.5,NA,4,15,2,NA,NA,NA,NA,NA,NA,NA,NA,NA
"453",2019-04-16,670,7.6,23,6.3,24,17.5,NA,4,15,2,NA,NA,NA,NA,NA,NA,NA,NA,NA
"454",2019-04-17,669,7.6,23,6.3,24,17.5,NA,4,15,2,NA,NA,NA,NA,NA,NA,NA,NA,NA
"455",2019-04-18,668,7.6,23,6.3,24,17.5,NA,4,15,2,NA,NA,NA,NA,NA,NA,NA,NA,NA
"456",2019-04-19,667,7.6,23,6.3,24,17.5,NA,4,15,2,NA,NA,NA,NA,NA,NA,NA,NA,NA
"457",2019-04-20,666,7.6,23,6.3,24,17.5,NA,4,15,2,NA,NA,NA,NA,NA,NA,NA,NA,NA
"458",2019-04-21,665,7.6,23,6.3,24,17.5,NA,4,15,2,NA,NA,NA,NA,NA,NA,NA,NA,NA
"459",2019-04-22,664,7.6,23,6.3,24,17.5,NA,4,15,2,NA,NA,NA,NA,NA,NA,NA,NA,NA
"460",2019-04-23,663,7.6,23,6.3,24,17.5,NA,4,15,2,NA,NA,NA,NA,NA,NA,NA,NA,NA
"461",2019-04-24,662,7.6,23,6.3,24,17.5,NA,4,15,2,NA,NA,NA,NA,NA,NA,NA,NA,NA
"462",2019-04-25,661,7.6,23,6.3,24,17.5,NA,4,15,2,NA,NA,NA,NA,NA,NA,NA,NA,NA
"463",2019-04-26,660,7.6,23,6.3,24,17.5,NA,4,15,2,NA,NA,NA,NA,NA,NA,NA,NA,NA
"464",2019-04-27,659,7.6,23,6.3,24,17.5,NA,4,15,2,NA,NA,NA,NA,NA,NA,NA,NA,NA
"465",2019-04-28,658,7.6,23,6.3,24,17.5,NA,4,15,2,NA,NA,NA,NA,NA,NA,NA,NA,NA
"466",2019-04-29,657,7.6,23,6.3,24,17.5,NA,4,15,2,NA,NA,NA,NA,NA,NA,NA,NA,NA
"467",2019-04-30,656,7.6,23,6.3,24,17.5,NA,4,15,2,NA,NA,NA,NA,NA,NA,NA,NA,NA
"468",2019-05-01,655,7.6,23,6.3,24,17.5,NA,4,15,2,NA,NA,NA,NA,NA,NA,NA,NA,NA
"469",2019-05-02,654,7.6,23,6.3,24,17.5,NA,4,15,2,NA,NA,NA,NA,NA,NA,NA,NA,NA
"470",2019-05-03,653,7.6,23,6.3,24,17.5,NA,4,15,2,NA,NA,NA,NA,NA,NA,NA,NA,NA
"471",2019-05-04,652,7.6,23,6.3,24,17.5,NA,4,15,2,NA,NA,NA,NA,NA,NA,NA,NA,NA
"472",2019-05-05,651,7.6,23,6.3,24,17.5,NA,4,15,2,NA,NA,NA,NA,NA,NA,NA,NA,NA
"473",2019-05-06,650,7.6,23,6.3,24,17.5,NA,4,15,2,NA,NA,NA,NA,NA,NA,NA,NA,NA
"474",2019-05-07,649,7.6,23,6.3,24,17.5,NA,4,15,2,NA,NA,NA,NA,NA,NA,NA,NA,NA
"475",2019-05-08,648,7.6,23,6.3,24,17.5,NA,4,15,2,NA,NA,NA,NA,NA,NA,NA,NA,NA
"476",2019-05-09,647,7.6,23,6.3,24,17.5,NA,4,15,2,NA,NA,NA,NA,NA,NA,NA,NA,NA
"477",2019-05-10,646,7.6,23,6.3,24,17.5,NA,4,15,2,NA,NA,NA,NA,NA,NA,NA,NA,NA
"478",2019-05-11,645,7.6,23,6.3,24,17.5,NA,4,15,2,NA,NA,NA,NA,NA,NA,NA,NA,NA
"479",2019-05-12,644,7.6,23,6.3,24,17.5,NA,4,15,2,NA,NA,NA,NA,NA,NA,NA,NA,NA
"480",2019-05-13,643,7.6,23,6.3,24,17.5,NA,4,15,2,NA,NA,NA,NA,NA,NA,NA,NA,NA
"481",2019-05-14,642,7.6,23,6.3,24,17.5,NA,4,15,2,NA,NA,NA,NA,NA,NA,NA,NA,NA
"482",2019-05-15,641,7.6,23,6.3,24,17.5,NA,4,15,2,NA,NA,NA,NA,NA,NA,NA,NA,NA
"483",2019-05-16,640,7.6,23,6.3,24,17.5,NA,4,15,2,NA,NA,NA,NA,NA,NA,NA,NA,NA
"484",2019-05-17,639,7.6,23,6.3,24,17.5,NA,4,15,2,NA,NA,NA,NA,NA,NA,NA,NA,NA
"485",2019-05-18,638,7.6,23,6.3,24,17.5,NA,4,15,2,NA,NA,NA,NA,NA,NA,NA,NA,NA
"486",2019-05-19,637,7.6,23,6.3,24,17.5,NA,4,15,2,NA,NA,NA,NA,NA,NA,NA,NA,NA
"487",2019-05-20,636,7.6,23,6.3,24,17.5,NA,4,15,2,NA,NA,NA,NA,NA,NA,NA,NA,NA
"488",2019-05-21,635,7.6,23,6.3,24,17.5,NA,4,15,2,NA,NA,NA,NA,NA,NA,NA,NA,NA
"489",2019-05-22,634,7.6,23,6.3,24,17.5,NA,4,15,2,NA,NA,NA,NA,NA,NA,NA,NA,NA
"490",2019-05-23,633,7.6,23,6.3,24,17.5,NA,4,15,2,NA,NA,NA,NA,NA,NA,NA,NA,NA
"491",2019-05-24,632,7.6,23,6.3,24,17.5,NA,4,15,2,NA,NA,NA,NA,NA,NA,NA,NA,NA
"492",2019-05-25,631,7.6,23,6.3,24,17.5,NA,4,15,2,NA,NA,NA,NA,NA,NA,NA,NA,NA
"493",2019-05-26,630,7.6,23,6.3,24,17.5,NA,4,15,2,NA,NA,NA,NA,NA,NA,NA,NA,NA
"494",2019-05-27,629,7.6,23,6.3,24,17.5,NA,4,15,2,NA,NA,NA,NA,NA,NA,NA,NA,NA
"495",2019-05-28,628,7.6,23,6.3,24,17.5,NA,4,15,2,NA,NA,NA,NA,NA,NA,NA,NA,NA
"496",2019-05-29,627,7.6,23,6.3,24,17.5,NA,4,15,2,NA,NA,NA,NA,NA,NA,NA,NA,NA
"497",2019-05-30,626,7.6,23,6.3,24,17.5,NA,4,15,2,NA,NA,NA,NA,NA,NA,NA,NA,NA
"498",2019-05-31,625,7.6,23,6.3,24,17.5,NA,4,15,2,NA,NA,NA,NA,NA,NA,NA,NA,NA
"499",2019-06-01,624,7.6,23,6.3,24,17.5,NA,4,15,2,NA,NA,NA,NA,NA,NA,NA,NA,NA
"500",2019-06-02,623,7.6,23,6.3,24,17.5,NA,4,15,2,NA,NA,NA,NA,NA,NA,NA,NA,NA
"501",2019-06-03,622,7.6,23,6.3,24,17.5,NA,4,15,2,NA,NA,NA,NA,NA,NA,NA,NA,NA
"502",2019-06-04,621,7.6,23,6.3,24,17.5,NA,4,15,2,NA,NA,NA,NA,NA,NA,NA,NA,NA
"503",2019-06-05,620,7.6,23,6.3,24,17.5,NA,4,15,2,NA,NA,NA,NA,NA,NA,NA,NA,NA
"504",2019-06-06,619,7.6,23,6.3,24,17.5,NA,4,15,2,NA,NA,NA,NA,NA,NA,NA,NA,NA
"505",2019-06-07,618,7.6,23,6.3,24,17.5,NA,4,15,2,NA,NA,NA,NA,NA,NA,NA,NA,NA
"506",2019-06-08,617,7.6,23,6.3,24,17.5,NA,4,15,2,NA,NA,NA,NA,NA,NA,NA,NA,NA
"507",2019-06-09,616,7.6,23,6.3,24,17.5,NA,4,15,2,NA,NA,NA,NA,NA,NA,NA,NA,NA
"508",2019-06-10,615,7.6,23,6.3,24,17.5,NA,4,15,2,NA,NA,NA,NA,NA,NA,NA,NA,NA
"509",2019-06-11,614,7.6,23,6.3,24,17.5,NA,4,15,2,NA,NA,NA,NA,NA,NA,NA,NA,NA
"510",2019-06-12,613,7.6,23,6.3,24,17.5,NA,4,15,2,NA,NA,NA,NA,NA,NA,NA,NA,NA
"511",2019-06-13,612,7.6,23,6.3,24,17.5,NA,4,15,2,NA,NA,NA,NA,NA,NA,NA,NA,NA
"512",2019-06-14,611,7.6,23,6.3,24,17.5,NA,4,15,2,NA,NA,NA,NA,NA,NA,NA,NA,NA
"513",2019-06-15,610,7.6,23,6.3,24,17.5,NA,4,15,2,NA,NA,NA,NA,NA,NA,NA,NA,NA
"514",2019-06-16,609,7.6,23,6.3,24,17.5,NA,4,15,2,NA,NA,NA,NA,NA,NA,NA,NA,NA
"515",2019-06-17,608,7.6,23,6.3,24,17.5,NA,4,15,2,NA,NA,NA,NA,NA,NA,NA,NA,NA
"516",2019-06-18,607,7.6,23,6.3,24,17.5,NA,4,15,2,NA,NA,NA,NA,NA,NA,NA,NA,NA
"517",2019-06-19,606,7.6,23,6.3,24,17.5,NA,4,15,2,NA,NA,NA,NA,NA,NA,NA,NA,NA
"518",2019-06-20,605,7.6,23,6.3,24,17.5,NA,4,15,2,NA,NA,NA,NA,NA,NA,NA,NA,NA
"519",2019-06-21,604,7.6,23,6.3,24,17.5,NA,4,15,2,NA,NA,NA,NA,NA,NA,NA,NA,NA
"520",2019-06-22,603,7.6,23,6.3,24,17.5,NA,4,15.1,2,NA,NA,NA,NA,NA,NA,NA,NA,NA
"521",2019-06-23,602,7.6,22.9,6.3,24,17.5,NA,4,15.1,2,NA,NA,NA,NA,NA,NA,NA,NA,NA
"522",2019-06-24,601,7.6,22.9,6.3,24,17.5,NA,4,15.1,2,NA,NA,NA,NA,NA,NA,NA,NA,NA
"523",2019-06-25,600,7.6,22.9,6.3,24,17.5,NA,4,15.1,2,NA,NA,NA,NA,NA,NA,NA,NA,NA
"524",2019-06-26,599,7.6,22.9,6.3,24.1,17.5,NA,4,15.1,2,NA,NA,NA,NA,NA,NA,NA,NA,NA
"525",2019-06-27,598,7.6,22.9,6.3,24.1,17.5,NA,4,15.1,2,NA,NA,NA,NA,NA,NA,NA,NA,NA
"526",2019-06-28,597,7.6,22.8,6.3,24.1,17.5,NA,4,15.1,2,NA,NA,NA,NA,NA,NA,NA,NA,NA
"527",2019-06-29,596,7.6,22.8,6.3,24.1,17.5,NA,4,15.2,2,NA,NA,NA,NA,NA,NA,NA,NA,NA
"528",2019-06-30,595,7.6,22.8,6.3,24.1,17.5,NA,4,15.2,2,NA,NA,NA,NA,NA,NA,NA,NA,NA
"529",2019-07-01,594,7.6,22.8,6.3,24.1,17.5,NA,4,15.2,2,NA,NA,NA,NA,NA,NA,NA,NA,NA
"530",2019-07-02,593,7.6,22.7,6.3,24.1,17.4,NA,4,15.2,2,NA,NA,NA,NA,NA,NA,NA,NA,NA
"531",2019-07-03,592,7.6,22.7,6.3,24.1,17.4,NA,4,15.2,2,NA,NA,NA,NA,NA,NA,NA,NA,NA
"532",2019-07-04,591,7.6,22.7,6.3,24.1,17.4,NA,4,15.3,2,NA,NA,NA,NA,NA,NA,NA,NA,NA
"533",2019-07-05,590,7.6,22.6,6.3,24.1,17.4,NA,4,15.3,2,7,16.5,5.5,26.5,16.5,4,20,NA,NA
"534",2019-07-06,589,7.6,22.6,6.3,24.1,17.4,NA,4,15.3,2,NA,NA,NA,NA,NA,NA,NA,NA,NA
"535",2019-07-07,588,7.6,22.6,6.3,24.2,17.4,NA,4,15.3,2,NA,NA,NA,NA,NA,NA,NA,NA,NA
"536",2019-07-08,587,7.6,22.5,6.3,24.2,17.4,NA,4,15.3,2,NA,NA,NA,NA,NA,NA,NA,NA,NA
"537",2019-07-09,586,7.6,22.5,6.3,24.2,17.4,NA,4,15.4,2,NA,NA,NA,NA,NA,NA,NA,NA,NA
"538",2019-07-10,585,7.6,22.5,6.3,24.2,17.4,NA,4,15.4,2,NA,NA,NA,NA,NA,NA,NA,NA,NA
"539",2019-07-11,584,7.6,22.5,6.3,24.2,17.4,NA,4,15.4,2,NA,NA,NA,NA,NA,NA,NA,NA,NA
"540",2019-07-12,583,7.6,22.4,6.3,24.2,17.4,NA,4,15.4,2,NA,NA,NA,NA,NA,NA,NA,NA,NA
"541",2019-07-13,582,7.6,22.4,6.3,24.2,17.4,NA,4,15.4,2,NA,NA,NA,NA,NA,NA,NA,NA,NA
"542",2019-07-14,581,7.6,22.4,6.3,24.2,17.4,NA,4,15.5,2,NA,NA,NA,NA,NA,NA,NA,NA,NA
"543",2019-07-15,580,7.6,22.4,6.3,24.2,17.4,NA,4,15.5,2,NA,NA,NA,NA,NA,NA,NA,NA,NA
"544",2019-07-16,579,7.6,22.3,6.3,24.2,17.4,NA,4,15.5,2,NA,NA,NA,NA,NA,NA,NA,NA,NA
"545",2019-07-17,578,7.6,22.3,6.3,24.3,17.4,NA,4,15.5,2,7.1,14.1,6.1,26.7,15.3,6.2,20.1,2.1,NA
"546",2019-07-17,578,7.6,22.3,6.3,24.3,17.4,NA,4,15.5,2,9.5,17,5.2,26.5,16.6,3.5,18.7,NA,NA
"547",2019-07-18,577,7.6,22.3,6.2,24.3,17.4,NA,4,15.5,2,NA,NA,NA,NA,NA,NA,NA,NA,NA
"548",2019-07-19,576,7.6,22.2,6.2,24.3,17.4,NA,4,15.6,2,NA,NA,NA,NA,NA,NA,NA,NA,NA
"549",2019-07-20,575,7.6,22.2,6.2,24.3,17.4,NA,4.1,15.6,2,NA,NA,NA,NA,NA,NA,NA,NA,NA
"550",2019-07-21,574,7.6,22.2,6.2,24.3,17.3,NA,4.1,15.6,2,NA,NA,NA,NA,NA,NA,NA,NA,NA
"551",2019-07-22,573,7.6,22.1,6.2,24.3,17.3,NA,4.1,15.6,2,NA,NA,NA,NA,NA,NA,NA,NA,NA
"552",2019-07-23,572,7.6,22.1,6.2,24.3,17.3,NA,4.1,15.6,2,NA,NA,NA,NA,NA,NA,NA,NA,NA
"553",2019-07-24,571,7.6,22.1,6.2,24.3,17.3,NA,4.1,15.7,2,NA,NA,NA,NA,NA,NA,NA,NA,NA
"554",2019-07-25,570,7.6,22,6.2,24.4,17.3,NA,4.1,15.7,2,NA,NA,NA,NA,NA,NA,NA,NA,NA
"555",2019-07-26,569,7.6,22,6.2,24.4,17.3,NA,4.1,15.7,2,NA,NA,NA,NA,NA,NA,NA,NA,NA
"556",2019-07-27,568,7.6,22,6.2,24.4,17.3,NA,4.1,15.7,2,NA,NA,NA,NA,NA,NA,NA,NA,NA
"557",2019-07-28,567,7.6,22,6.2,24.4,17.3,NA,4.1,15.7,2,NA,NA,NA,NA,NA,NA,NA,NA,NA
"558",2019-07-29,566,7.6,21.9,6.2,24.4,17.3,NA,4.1,15.7,2,NA,NA,NA,NA,NA,NA,NA,NA,NA
"559",2019-07-30,565,7.6,21.9,6.2,24.4,17.3,NA,4.1,15.8,2,NA,NA,NA,NA,NA,NA,NA,NA,NA
"560",2019-07-31,564,7.6,21.9,6.2,24.4,17.3,NA,4.1,15.8,2,NA,NA,NA,NA,NA,NA,NA,NA,NA
"561",2019-08-01,563,7.6,21.9,6.2,24.4,17.3,NA,4.1,15.8,2,NA,NA,NA,NA,NA,NA,NA,NA,NA
"562",2019-08-02,562,7.6,21.8,6.2,24.4,17.3,NA,4.1,15.8,2,NA,NA,NA,NA,NA,NA,NA,NA,NA
"563",2019-08-03,561,7.6,21.8,6.2,24.4,17.3,NA,4.1,15.8,2,NA,NA,NA,NA,NA,NA,NA,NA,NA
"564",2019-08-04,560,7.6,21.8,6.2,24.4,17.3,NA,4.1,15.8,2,NA,NA,NA,NA,NA,NA,NA,NA,NA
"565",2019-08-05,559,7.6,21.8,6.2,24.5,17.3,NA,4.1,15.8,2,NA,NA,NA,NA,NA,NA,NA,NA,NA
"566",2019-08-06,558,7.6,21.8,6.2,24.5,17.2,NA,4.1,15.8,2,NA,NA,NA,NA,NA,NA,NA,NA,NA
"567",2019-08-07,557,7.6,21.8,6.2,24.5,17.2,NA,4.1,15.8,2,NA,NA,NA,NA,NA,NA,NA,NA,NA
"568",2019-08-08,556,7.6,21.7,6.2,24.5,17.2,NA,4.1,15.9,2,NA,NA,NA,NA,NA,NA,NA,NA,NA
"569",2019-08-09,555,7.6,21.7,6.2,24.5,17.2,NA,4.1,15.9,2,NA,NA,NA,NA,NA,NA,NA,NA,NA
"570",2019-08-10,554,7.6,21.7,6.2,24.5,17.2,NA,4.1,15.9,2,NA,NA,NA,NA,NA,NA,NA,NA,NA
"571",2019-08-11,553,7.6,21.7,6.2,24.5,17.2,NA,4.1,15.9,2,NA,NA,NA,NA,NA,NA,NA,NA,NA
"572",2019-08-12,552,7.6,21.7,6.2,24.5,17.2,NA,4.1,15.9,2,NA,NA,NA,NA,NA,NA,NA,NA,NA
"573",2019-08-13,551,7.6,21.6,6.2,24.5,17.2,NA,4.1,15.9,2,NA,NA,NA,NA,NA,NA,NA,NA,NA
"574",2019-08-14,550,7.6,21.6,6.2,24.5,17.2,NA,4.1,15.9,2,NA,NA,NA,NA,NA,NA,NA,NA,NA
"575",2019-08-15,549,7.6,21.6,6.2,24.5,17.2,NA,4.1,15.9,2,NA,NA,NA,NA,NA,NA,NA,NA,NA
"576",2019-08-16,548,7.6,21.6,6.2,24.5,17.2,NA,4.2,15.9,2,NA,NA,NA,NA,NA,NA,NA,NA,NA
"577",2019-08-17,547,7.6,21.6,6.2,24.5,17.2,NA,4.2,16,2,NA,NA,NA,NA,NA,NA,NA,NA,NA
"578",2019-08-18,546,7.6,21.6,6.2,24.5,17.2,NA,4.2,16,2,NA,NA,NA,NA,NA,NA,NA,NA,NA
"579",2019-08-19,545,7.6,21.5,6.2,24.5,17.2,NA,4.2,16,2,NA,NA,NA,NA,NA,NA,NA,NA,NA
"580",2019-08-20,544,7.6,21.5,6.2,24.6,17.2,NA,4.2,16,2,7.1,14.5,6,26.4,15.5,6,20.3,2,NA
"581",2019-08-21,543,7.6,21.5,6.2,24.6,17.1,NA,4.2,16,2,NA,NA,NA,NA,NA,NA,NA,NA,NA
"582",2019-08-22,542,7.6,21.5,6.2,24.6,17.1,NA,4.2,16,2,NA,NA,NA,NA,NA,NA,NA,NA,NA
"583",2019-08-23,541,7.6,21.5,6.2,24.6,17.1,NA,4.2,16,2,NA,NA,NA,NA,NA,NA,NA,NA,NA
"584",2019-08-24,540,7.6,21.5,6.2,24.6,17.1,NA,4.2,16,2,NA,NA,NA,NA,NA,NA,NA,NA,NA
"585",2019-08-25,539,7.6,21.5,6.2,24.6,17.1,NA,4.2,16,2,NA,NA,NA,NA,NA,NA,NA,NA,NA
"586",2019-08-26,538,7.6,21.4,6.2,24.6,17.1,NA,4.2,16.1,2,NA,NA,NA,NA,NA,NA,NA,NA,NA
"587",2019-08-27,537,7.6,21.4,6.2,24.6,17.1,NA,4.2,16.1,2,NA,NA,NA,NA,NA,NA,NA,NA,NA
"588",2019-08-28,536,7.6,21.4,6.2,24.6,17.1,NA,4.2,16.1,2,NA,NA,NA,NA,NA,NA,NA,NA,NA
"589",2019-08-29,535,7.6,21.4,6.2,24.6,17.1,NA,4.2,16.1,2,NA,NA,NA,NA,NA,NA,NA,NA,NA
"590",2019-08-30,534,7.6,21.4,6.2,24.6,17.1,NA,4.2,16.1,2,NA,NA,NA,NA,NA,NA,NA,NA,NA
"591",2019-08-31,533,7.6,21.4,6.2,24.6,17.1,NA,4.2,16.1,2,NA,NA,NA,NA,NA,NA,NA,NA,NA
"592",2019-09-01,532,7.6,21.4,6.2,24.6,17.1,NA,4.2,16.1,2,NA,NA,NA,NA,NA,NA,NA,NA,NA
"593",2019-09-02,531,7.6,21.3,6.2,24.6,17.1,NA,4.2,16.1,2,NA,NA,NA,NA,NA,NA,NA,NA,NA
"594",2019-09-03,530,7.6,21.3,6.2,24.6,17,NA,4.2,16.2,2,NA,NA,NA,NA,NA,NA,NA,NA,NA
"595",2019-09-04,529,7.6,21.3,6.2,24.6,17,NA,4.2,16.2,2,NA,NA,NA,NA,NA,NA,NA,NA,NA
"596",2019-09-05,528,7.6,21.3,6.2,24.6,17,NA,4.2,16.2,2,NA,NA,NA,NA,NA,NA,NA,NA,NA
"597",2019-09-06,527,7.6,21.3,6.2,24.6,17,NA,4.2,16.2,2,NA,NA,NA,NA,NA,NA,NA,NA,NA
"598",2019-09-07,526,7.6,21.2,6.2,24.6,17,NA,4.2,16.2,2,6.2,21.1,4.9,25.6,14,4.8,19.1,2.2,NA
"599",2019-09-08,525,7.6,21.2,6.2,24.7,17,NA,4.3,16.2,2,NA,NA,NA,NA,NA,NA,NA,NA,NA
"600",2019-09-09,524,7.6,21.2,6.1,24.7,17,NA,4.3,16.2,2,NA,NA,NA,NA,NA,NA,NA,NA,NA
"601",2019-09-10,523,7.6,21.2,6.1,24.7,17,NA,4.3,16.3,2,NA,NA,NA,NA,NA,NA,NA,NA,NA
"602",2019-09-11,522,7.6,21.2,6.1,24.7,17,NA,4.3,16.3,2,7.6,15.2,5.4,25.3,15.8,6.3,20.1,1.8,NA
"603",2019-09-12,521,7.6,21.2,6.1,24.7,17,NA,4.3,16.3,2,NA,NA,NA,NA,NA,NA,NA,NA,NA
"604",2019-09-13,520,7.6,21.1,6.1,24.7,17,NA,4.3,16.3,2,NA,NA,NA,NA,NA,NA,NA,NA,NA
"605",2019-09-14,519,7.6,21.1,6.1,24.7,17,NA,4.3,16.3,2,NA,NA,NA,NA,NA,NA,NA,NA,NA
"606",2019-09-15,518,7.6,21.1,6.1,24.7,17,NA,4.3,16.3,2,NA,NA,NA,NA,NA,NA,NA,NA,NA
"607",2019-09-16,517,7.6,21.1,6.1,24.7,17,NA,4.3,16.4,2,NA,NA,NA,NA,NA,NA,NA,NA,NA
"608",2019-09-17,516,7.6,21.1,6.1,24.7,16.9,NA,4.3,16.4,2,NA,NA,NA,NA,NA,NA,NA,NA,NA
"609",2019-09-18,515,7.6,21,6.1,24.7,16.9,NA,4.3,16.4,2,NA,NA,NA,NA,NA,NA,NA,NA,NA
"610",2019-09-19,514,7.6,21,6.1,24.7,16.9,NA,4.3,16.4,2,NA,NA,NA,NA,NA,NA,NA,NA,NA
"611",2019-09-20,513,7.6,21,6.1,24.7,16.9,NA,4.3,16.4,2,NA,NA,NA,NA,NA,NA,NA,NA,NA
"612",2019-09-21,512,7.6,21,6.1,24.7,16.9,NA,4.3,16.4,2,NA,NA,NA,NA,NA,NA,NA,NA,NA
"613",2019-09-22,511,7.6,21,6.1,24.7,16.9,NA,4.3,16.4,2,NA,NA,NA,NA,NA,NA,NA,NA,NA
"614",2019-09-23,510,7.6,21,6.1,24.7,16.9,NA,4.3,16.4,2,NA,NA,NA,NA,NA,NA,NA,NA,NA
"615",2019-09-24,509,7.6,20.9,6.1,24.7,16.9,NA,4.3,16.5,2,NA,NA,NA,NA,NA,NA,NA,NA,NA
"616",2019-09-25,508,7.6,20.9,6.1,24.7,16.9,NA,4.3,16.5,2,NA,NA,NA,NA,NA,NA,NA,NA,NA
"617",2019-09-26,507,7.6,20.9,6.1,24.7,16.9,NA,4.3,16.5,2,NA,NA,NA,NA,NA,NA,NA,NA,NA
"618",2019-09-27,506,7.6,20.9,6.1,24.7,16.9,NA,4.3,16.5,2,NA,NA,NA,NA,NA,NA,NA,NA,NA
"619",2019-09-28,505,7.6,20.9,6.1,24.7,16.9,NA,4.3,16.5,2,NA,NA,NA,NA,NA,NA,NA,NA,NA
"620",2019-09-29,504,7.6,20.9,6.1,24.7,16.9,NA,4.3,16.5,2,NA,NA,NA,NA,NA,NA,NA,NA,NA
"621",2019-09-30,503,7.6,20.8,6.1,24.7,16.8,NA,4.3,16.5,2,NA,NA,NA,NA,NA,NA,NA,NA,NA
"622",2019-10-01,502,7.6,20.8,6.1,24.7,16.8,NA,4.3,16.5,2,NA,NA,NA,NA,NA,NA,NA,NA,NA
"623",2019-10-02,501,7.6,20.8,6.1,24.7,16.8,NA,4.3,16.6,2,NA,NA,NA,NA,NA,NA,NA,NA,NA
"624",2019-10-03,500,7.6,20.8,6.1,24.7,16.8,NA,4.3,16.6,2,NA,NA,NA,NA,NA,NA,NA,NA,NA
"625",2019-10-04,499,7.5,20.8,6.1,24.7,16.8,NA,4.3,16.6,2,NA,NA,NA,NA,NA,NA,NA,NA,NA
"626",2019-10-05,498,7.5,20.8,6.1,24.8,16.8,NA,4.3,16.6,2,5.9,19,5.4,24,15.1,5.5,19.9,1.9,NA
"627",2019-10-06,497,7.5,20.8,6.1,24.8,16.8,NA,4.3,16.6,2,NA,NA,NA,NA,NA,NA,NA,NA,NA
"628",2019-10-07,496,7.5,20.7,6.1,24.8,16.8,NA,4.3,16.6,2,NA,NA,NA,NA,NA,NA,NA,NA,NA
"629",2019-10-08,495,7.5,20.7,6.1,24.8,16.8,NA,4.3,16.6,2,NA,NA,NA,NA,NA,NA,NA,NA,NA
"630",2019-10-09,494,7.5,20.7,6.1,24.8,16.8,NA,4.3,16.6,2,NA,NA,NA,NA,NA,NA,NA,NA,NA
"631",2019-10-10,493,7.5,20.7,6.1,24.8,16.8,NA,4.3,16.6,2.1,NA,NA,NA,NA,NA,NA,NA,NA,NA
"632",2019-10-11,492,7.5,20.7,6.1,24.8,16.8,NA,4.3,16.6,2.1,NA,NA,NA,NA,NA,NA,NA,NA,NA
"633",2019-10-12,491,7.5,20.7,6.2,24.8,16.7,NA,4.3,16.7,2.1,NA,NA,NA,NA,NA,NA,NA,NA,NA
"634",2019-10-13,490,7.5,20.7,6.2,24.8,16.7,NA,4.3,16.7,2.1,NA,NA,NA,NA,NA,NA,NA,NA,NA
"635",2019-10-14,489,7.5,20.7,6.2,24.8,16.7,NA,4.3,16.7,2.1,NA,NA,NA,NA,NA,NA,NA,NA,NA
"636",2019-10-15,488,7.5,20.7,6.2,24.8,16.7,NA,4.3,16.7,2.1,8,13.1,7.9,24.3,15.1,5,20.2,4,NA
"637",2019-10-16,487,7.5,20.7,6.2,24.8,16.7,NA,4.3,16.7,2.1,NA,NA,NA,NA,NA,NA,NA,NA,NA
"638",2019-10-17,486,7.5,20.6,6.2,24.8,16.7,NA,4.3,16.7,2.1,NA,NA,NA,NA,NA,NA,NA,NA,NA
"639",2019-10-18,485,7.5,20.6,6.2,24.8,16.7,NA,4.3,16.7,2.1,NA,NA,NA,NA,NA,NA,NA,NA,NA
"640",2019-10-19,484,7.5,20.6,6.2,24.8,16.7,NA,4.3,16.7,2.1,8.2,15.1,10.5,24.5,12.3,6,17.6,3.3,NA
"641",2019-10-20,483,7.5,20.6,6.2,24.8,16.7,NA,4.3,16.7,2.1,NA,NA,NA,NA,NA,NA,NA,NA,NA
"642",2019-10-21,482,7.5,20.6,6.2,24.8,16.7,NA,4.3,16.7,2.1,NA,NA,NA,NA,NA,NA,NA,NA,NA
"643",2019-10-22,481,7.5,20.6,6.2,24.8,16.7,NA,4.4,16.7,2.1,NA,NA,NA,NA,NA,NA,NA,NA,NA
"644",2019-10-23,480,7.5,20.6,6.2,24.8,16.7,NA,4.4,16.7,2.1,NA,NA,NA,NA,NA,NA,NA,NA,NA
"645",2019-10-24,479,7.5,20.5,6.2,24.8,16.7,NA,4.4,16.7,2.1,NA,NA,NA,NA,NA,NA,NA,NA,NA
"646",2019-10-25,478,7.5,20.5,6.2,24.8,16.7,NA,4.4,16.8,2.1,NA,NA,NA,NA,NA,NA,NA,NA,NA
"647",2019-10-26,477,7.5,20.5,6.2,24.8,16.7,NA,4.4,16.8,2.2,NA,NA,NA,NA,NA,NA,NA,NA,NA
"648",2019-10-27,476,7.5,20.5,6.2,24.8,16.6,NA,4.4,16.8,2.2,NA,NA,NA,NA,NA,NA,NA,NA,NA
"649",2019-10-28,475,7.5,20.5,6.2,24.8,16.6,NA,4.4,16.8,2.2,NA,NA,NA,NA,NA,NA,NA,NA,NA
"650",2019-10-29,474,7.5,20.5,6.2,24.8,16.6,NA,4.4,16.8,2.2,NA,NA,NA,NA,NA,NA,NA,NA,NA
"651",2019-10-30,473,7.5,20.5,6.2,24.8,16.6,NA,4.4,16.8,2.2,NA,NA,NA,NA,NA,NA,NA,NA,NA
"652",2019-10-31,472,7.5,20.4,6.2,24.8,16.6,NA,4.4,16.8,2.2,NA,NA,NA,NA,NA,NA,NA,NA,NA
"653",2019-11-01,471,7.5,20.4,6.3,24.8,16.6,NA,4.4,16.8,2.2,NA,NA,NA,NA,NA,NA,NA,NA,NA
"654",2019-11-02,470,7.5,20.4,6.3,24.8,16.6,NA,4.4,16.8,2.2,NA,NA,NA,NA,NA,NA,NA,NA,NA
"655",2019-11-03,469,7.5,20.4,6.3,24.8,16.6,NA,4.4,16.8,2.2,NA,NA,NA,NA,NA,NA,NA,NA,NA
"656",2019-11-04,468,7.5,20.4,6.3,24.8,16.6,NA,4.4,16.8,2.2,NA,NA,NA,NA,NA,NA,NA,NA,NA
"657",2019-11-05,467,7.5,20.3,6.3,24.8,16.6,NA,4.4,16.8,2.2,NA,NA,NA,NA,NA,NA,NA,NA,NA
"658",2019-11-06,466,7.5,20.3,6.3,24.8,16.6,NA,4.4,16.8,2.2,NA,NA,NA,NA,NA,NA,NA,NA,NA
"659",2019-11-07,465,7.5,20.3,6.3,24.8,16.6,NA,4.4,16.8,2.2,NA,NA,NA,NA,NA,NA,NA,NA,NA
"660",2019-11-08,464,7.5,20.3,6.3,24.8,16.6,NA,4.4,16.8,2.2,NA,NA,NA,NA,NA,NA,NA,NA,NA
"661",2019-11-09,463,7.5,20.3,6.3,24.8,16.6,NA,4.4,16.8,2.2,NA,NA,NA,NA,NA,NA,NA,NA,NA
"662",2019-11-10,462,7.5,20.2,6.3,24.8,16.6,NA,4.4,16.9,2.2,NA,NA,NA,NA,NA,NA,NA,NA,NA
"663",2019-11-11,461,7.5,20.2,6.3,24.8,16.6,NA,4.5,16.9,2.3,NA,NA,NA,NA,NA,NA,NA,NA,NA
"664",2019-11-12,460,7.5,20.2,6.3,24.8,16.6,NA,4.5,16.9,2.3,NA,NA,NA,NA,NA,NA,NA,NA,NA
"665",2019-11-13,459,7.5,20.1,6.3,24.8,16.6,NA,4.5,16.9,2.3,NA,NA,NA,NA,NA,NA,NA,NA,NA
"666",2019-11-14,458,7.5,20.1,6.3,24.8,16.6,NA,4.5,16.9,2.3,NA,NA,NA,NA,NA,NA,NA,NA,NA
"667",2019-11-15,457,7.5,20,6.3,24.8,16.6,NA,4.5,16.9,2.3,NA,NA,NA,NA,NA,NA,NA,NA,NA
"668",2019-11-16,456,7.5,20,6.3,24.8,16.6,NA,4.5,16.9,2.4,NA,NA,NA,NA,NA,NA,NA,NA,NA
"669",2019-11-17,455,7.5,20,6.3,24.7,16.6,NA,4.5,16.9,2.4,NA,NA,NA,NA,NA,NA,NA,NA,NA
"670",2019-11-18,454,7.5,19.9,6.3,24.7,16.6,NA,4.5,16.9,2.4,NA,NA,NA,NA,NA,NA,NA,NA,NA
"671",2019-11-19,453,7.6,19.9,6.3,24.7,16.6,NA,4.5,16.9,2.4,NA,NA,NA,NA,NA,NA,NA,NA,NA
"672",2019-11-20,452,7.6,19.8,6.3,24.7,16.6,NA,4.5,16.9,2.5,NA,NA,NA,NA,NA,NA,NA,NA,NA
"673",2019-11-21,451,7.6,19.8,6.3,24.7,16.6,NA,4.6,16.9,2.5,NA,NA,NA,NA,NA,NA,NA,NA,NA
"674",2019-11-22,450,7.6,19.7,6.3,24.7,16.6,NA,4.6,16.9,2.5,7.7,11.6,5.6,21.2,19.2,8.8,16.8,6.4,NA
"675",2019-11-23,449,7.6,19.7,6.3,24.7,16.6,NA,4.6,16.9,2.6,NA,NA,NA,NA,NA,NA,NA,NA,NA
"676",2019-11-24,448,7.6,19.7,6.3,24.7,16.6,NA,4.6,16.9,2.6,NA,NA,NA,NA,NA,NA,NA,NA,NA
"677",2019-11-25,447,7.6,19.6,6.3,24.7,16.6,NA,4.6,16.9,2.6,NA,NA,NA,NA,NA,NA,NA,NA,NA
"678",2019-11-26,446,7.6,19.6,6.4,24.7,16.6,NA,4.6,17,2.7,NA,NA,NA,NA,NA,NA,NA,NA,NA
"679",2019-11-27,445,7.6,19.5,6.4,24.7,16.6,NA,4.6,17,2.7,NA,NA,NA,NA,NA,NA,NA,NA,NA
"680",2019-11-28,444,7.6,19.5,6.4,24.7,16.6,NA,4.6,17,2.7,NA,NA,NA,NA,NA,NA,NA,NA,NA
"681",2019-11-29,443,7.6,19.5,6.4,24.7,16.6,NA,4.6,17,2.8,NA,NA,NA,NA,NA,NA,NA,NA,NA
"682",2019-11-30,442,7.6,19.4,6.4,24.7,16.6,NA,4.6,17,2.8,8.1,7.2,10,22,15.8,7.9,18.4,7.5,NA
"683",2019-12-01,441,7.6,19.4,6.4,24.7,16.6,NA,4.7,17,2.9,NA,NA,NA,NA,NA,NA,NA,NA,NA
"684",2019-12-02,440,7.6,19.3,6.4,24.7,16.6,NA,4.7,17,2.9,NA,NA,NA,NA,NA,NA,NA,NA,NA
"685",2019-12-03,439,7.6,19.3,6.4,24.7,16.7,NA,4.7,17,2.9,NA,NA,NA,NA,NA,NA,NA,NA,NA
"686",2019-12-04,438,7.6,19.2,6.4,24.7,16.7,NA,4.7,17,2.9,NA,NA,NA,NA,NA,NA,NA,NA,NA
"687",2019-12-05,437,7.6,19.2,6.4,24.7,16.7,NA,4.7,17,2.9,10.2,12,7.3,25.4,19,4.3,18,2,NA
"688",2019-12-06,436,7.6,19.1,6.4,24.7,16.7,NA,4.7,17,3,NA,NA,NA,NA,NA,NA,NA,NA,NA
"689",2019-12-07,435,7.6,19.1,6.4,24.7,16.7,NA,4.7,17,3,NA,NA,NA,NA,NA,NA,NA,NA,NA
"690",2019-12-08,434,7.6,19,6.4,24.6,16.7,NA,4.7,17,3,NA,NA,NA,NA,NA,NA,NA,NA,NA
"691",2019-12-09,433,7.7,19,6.4,24.6,16.7,NA,4.7,17,3,NA,NA,NA,NA,NA,NA,NA,NA,NA
"692",2019-12-10,432,7.7,19,6.4,24.6,16.7,NA,4.7,17,3.1,NA,NA,NA,NA,NA,NA,NA,NA,NA
"693",2019-12-11,431,7.7,18.9,6.4,24.6,16.7,NA,4.7,17.1,3.1,NA,NA,NA,NA,NA,NA,NA,NA,NA
"694",2019-12-12,430,7.7,18.9,6.4,24.6,16.7,NA,4.8,17.1,3.1,NA,NA,NA,NA,NA,NA,NA,NA,NA
"695",2019-12-13,429,7.7,18.8,6.4,24.6,16.7,NA,4.8,17.1,3.1,NA,NA,NA,NA,NA,NA,NA,NA,NA
"696",2019-12-14,428,7.7,18.8,6.5,24.6,16.7,NA,4.8,17.1,3.1,NA,NA,NA,NA,NA,NA,NA,NA,NA
"697",2019-12-15,427,7.7,18.8,6.5,24.6,16.7,NA,4.8,17.1,3.1,NA,NA,NA,NA,NA,NA,NA,NA,NA
"698",2019-12-16,426,7.7,18.7,6.5,24.6,16.7,NA,4.8,17.1,3.1,NA,NA,NA,NA,NA,NA,NA,NA,NA
"699",2019-12-17,425,7.7,18.7,6.5,24.6,16.7,NA,4.8,17.1,3.1,NA,NA,NA,NA,NA,NA,NA,NA,NA
"700",2019-12-18,424,7.7,18.7,6.5,24.6,16.7,NA,4.8,17.1,3.2,NA,NA,NA,NA,NA,NA,NA,NA,NA
"701",2019-12-19,423,7.7,18.7,6.5,24.6,16.6,NA,4.8,17.1,3.1,NA,NA,NA,NA,NA,NA,NA,NA,NA
"702",2019-12-20,422,7.7,18.6,6.5,24.6,16.6,NA,4.8,17.1,3.1,NA,NA,NA,NA,NA,NA,NA,NA,NA
"703",2019-12-21,421,7.7,18.6,6.5,24.7,16.6,NA,4.8,17.1,3.1,NA,NA,NA,NA,NA,NA,NA,NA,NA
"704",2019-12-22,420,7.7,18.6,6.5,24.7,16.6,NA,4.8,17.1,3.1,NA,NA,NA,NA,NA,NA,NA,NA,NA
"705",2019-12-23,419,7.7,18.6,6.5,24.7,16.6,NA,4.8,17.1,3.1,NA,NA,NA,NA,NA,NA,NA,NA,NA
"706",2019-12-24,418,7.7,18.6,6.5,24.7,16.6,NA,4.8,17.1,3.1,NA,NA,NA,NA,NA,NA,NA,NA,NA
"707",2019-12-25,417,7.7,18.6,6.5,24.7,16.6,NA,4.8,17.1,3.1,NA,NA,NA,NA,NA,NA,NA,NA,NA
"708",2019-12-26,416,7.7,18.6,6.5,24.7,16.6,NA,4.8,17.1,3.1,NA,NA,NA,NA,NA,NA,NA,NA,NA
"709",2019-12-27,415,7.7,18.6,6.5,24.7,16.6,NA,4.8,17.1,3.1,NA,NA,NA,NA,NA,NA,NA,NA,NA
"710",2019-12-28,414,7.7,18.5,6.5,24.7,16.6,NA,4.8,17.1,3.1,NA,NA,NA,NA,NA,NA,NA,NA,NA
"711",2019-12-29,413,7.7,18.5,6.5,24.7,16.6,NA,4.8,17.1,3.1,NA,NA,NA,NA,NA,NA,NA,NA,NA
"712",2019-12-30,412,7.7,18.5,6.5,24.7,16.6,NA,4.8,17.2,3.1,NA,NA,NA,NA,NA,NA,NA,NA,NA
"713",2019-12-31,411,7.7,18.5,6.5,24.7,16.6,NA,4.8,17.2,3.1,NA,NA,NA,NA,NA,NA,NA,NA,NA
"714",2020-01-01,410,7.7,18.4,6.5,24.7,16.6,NA,4.8,17.2,3.1,NA,NA,NA,NA,NA,NA,NA,NA,NA
"715",2020-01-02,409,7.7,18.4,6.5,24.7,16.6,NA,4.8,17.2,3.1,NA,NA,NA,NA,NA,NA,NA,NA,NA
"716",2020-01-03,408,7.7,18.4,6.5,24.7,16.6,NA,4.8,17.2,3.1,NA,NA,NA,NA,NA,NA,NA,NA,NA
"717",2020-01-04,407,7.7,18.4,6.5,24.7,16.6,NA,4.8,17.2,3.1,NA,NA,NA,NA,NA,NA,NA,NA,NA
"718",2020-01-05,406,7.7,18.3,6.5,24.7,16.6,NA,4.8,17.2,3.1,NA,NA,NA,NA,NA,NA,NA,NA,NA
"719",2020-01-06,405,7.7,18.3,6.5,24.7,16.6,NA,4.8,17.2,3.1,NA,NA,NA,NA,NA,NA,NA,NA,NA
"720",2020-01-07,404,7.7,18.3,6.5,24.7,16.6,NA,4.8,17.2,3.1,NA,NA,NA,NA,NA,NA,NA,NA,NA
"721",2020-01-08,403,7.7,18.3,6.5,24.7,16.6,NA,4.8,17.2,3.1,NA,NA,NA,NA,NA,NA,NA,NA,NA
"722",2020-01-09,402,7.7,18.2,6.5,24.6,16.6,NA,4.8,17.2,3.1,NA,NA,NA,NA,NA,NA,NA,NA,NA
"723",2020-01-10,401,7.7,18.2,6.5,24.6,16.6,NA,4.9,17.2,3.1,NA,NA,NA,NA,NA,NA,NA,NA,NA
"724",2020-01-11,400,7.7,18.2,6.5,24.6,16.6,NA,4.9,17.3,3.1,NA,NA,NA,NA,NA,NA,NA,NA,NA
"725",2020-01-12,399,7.7,18.2,6.5,24.6,16.6,NA,4.9,17.3,3.1,NA,NA,NA,NA,NA,NA,NA,NA,NA
"726",2020-01-13,398,7.7,18.1,6.5,24.6,16.7,NA,4.9,17.3,3.1,NA,NA,NA,NA,NA,NA,NA,NA,NA
"727",2020-01-14,397,7.7,18.1,6.5,24.6,16.7,NA,4.9,17.3,3.1,NA,NA,NA,NA,NA,NA,NA,NA,NA
"728",2020-01-15,396,7.7,18.1,6.5,24.6,16.7,NA,4.9,17.3,3.1,NA,NA,NA,NA,NA,NA,NA,NA,NA
"729",2020-01-16,395,7.8,18,6.5,24.6,16.7,NA,4.9,17.3,3.2,NA,NA,NA,NA,NA,NA,NA,NA,NA
"730",2020-01-17,394,7.8,18,6.5,24.6,16.7,NA,4.9,17.3,3.2,NA,NA,NA,NA,NA,NA,NA,NA,NA
"731",2020-01-18,393,7.8,17.9,6.5,24.6,16.7,NA,4.9,17.3,3.2,NA,NA,NA,NA,NA,NA,NA,NA,NA
"732",2020-01-19,392,7.8,17.9,6.5,24.6,16.7,NA,4.9,17.4,3.2,NA,NA,NA,NA,NA,NA,NA,NA,NA
"733",2020-01-20,391,7.8,17.8,6.5,24.5,16.7,NA,4.9,17.4,3.2,NA,NA,NA,NA,NA,NA,NA,NA,NA
"734",2020-01-21,390,7.8,17.8,6.5,24.5,16.7,NA,4.9,17.4,3.3,NA,NA,NA,NA,NA,NA,NA,NA,NA
"735",2020-01-22,389,7.8,17.7,6.5,24.5,16.8,NA,5,17.4,3.3,NA,NA,NA,NA,NA,NA,NA,NA,NA
"736",2020-01-23,388,7.8,17.7,6.5,24.5,16.8,NA,5,17.4,3.3,NA,NA,NA,NA,NA,NA,NA,NA,NA
"737",2020-01-24,387,7.9,17.6,6.5,24.5,16.8,NA,5,17.5,3.4,NA,NA,NA,NA,NA,NA,NA,NA,NA
"738",2020-01-25,386,7.9,17.5,6.5,24.4,16.8,NA,5,17.5,3.4,NA,NA,NA,NA,NA,NA,NA,NA,NA
"739",2020-01-26,385,7.9,17.5,6.5,24.4,16.9,NA,5,17.5,3.4,NA,NA,NA,NA,NA,NA,NA,NA,NA
"740",2020-01-27,384,7.9,17.4,6.5,24.4,16.9,NA,5,17.5,3.5,NA,NA,NA,NA,NA,NA,NA,NA,NA
"741",2020-01-28,383,7.9,17.3,6.5,24.4,16.9,NA,5,17.6,3.5,NA,NA,NA,NA,NA,NA,NA,NA,NA
"742",2020-01-29,382,7.9,17.2,6.6,24.4,16.9,NA,5.1,17.6,3.5,8.8,7.4,7.8,20.7,20,8.4,19.4,6.2,NA
"743",2020-01-29,382,7.9,17.2,6.6,24.4,16.9,NA,5.1,17.6,3.5,8.8,NA,7.8,20.7,20,NA,20.1,5,NA
"744",2020-01-30,381,8,17.2,6.6,24.3,17,NA,5.1,17.6,3.6,NA,NA,NA,NA,NA,NA,NA,NA,NA
"745",2020-01-31,380,8,17.1,6.6,24.3,17,NA,5.1,17.6,3.6,8.3,10.3,5.9,21,19.5,8.9,17.4,6.3,NA
"746",2020-01-31,380,8,17.1,6.6,24.3,17,NA,5.1,17.6,3.6,9.4,12.8,6.6,22,19,4.8,16.9,5.5,NA
"747",2020-02-01,379,8,17,6.6,24.3,17,NA,5.1,17.6,3.7,NA,NA,NA,NA,NA,NA,NA,NA,NA
"748",2020-02-02,378,8,17,6.6,24.3,17,NA,5.1,17.7,3.7,NA,NA,NA,NA,NA,NA,NA,NA,NA
"749",2020-02-02,378,8,17,6.6,24.3,17,NA,5.1,17.7,3.7,10,NA,6.2,23,18.6,NA,19.4,4.8,NA
"750",2020-02-02,378,8,17,6.6,24.3,17,NA,5.1,17.7,3.7,10,10.9,6.2,23,18.6,6.1,19.4,4.8,NA
"751",2020-02-03,377,8,16.9,6.6,24.3,17,NA,5.1,17.7,3.7,NA,NA,NA,NA,NA,NA,NA,NA,NA
"752",2020-02-04,376,8,16.8,6.6,24.3,17,NA,5.1,17.7,3.7,NA,NA,NA,NA,NA,NA,NA,NA,NA
"753",2020-02-05,375,8,16.8,6.6,24.2,17.1,NA,5.2,17.7,3.8,NA,NA,NA,NA,NA,NA,NA,NA,NA
"754",2020-02-06,374,8.1,16.7,6.6,24.2,17.1,NA,5.2,17.8,3.8,9.1,12,7,23.7,19.1,4.6,18,4,NA
"755",2020-02-06,374,8.1,16.7,6.6,24.2,17.1,NA,5.2,17.8,3.8,8.8,8.5,5.1,24.9,19.8,6.7,20.3,4.4,NA
"756",2020-02-06,374,8.1,16.7,6.6,24.2,17.1,NA,5.2,17.8,3.8,8.9,NA,5.2,25.2,20,NA,21.1,3.7,NA
"757",2020-02-07,373,8.1,16.6,6.6,24.2,17.1,NA,5.2,17.8,3.8,NA,NA,NA,NA,NA,NA,NA,NA,NA
"758",2020-02-08,372,8.1,16.6,6.6,24.2,17.1,NA,5.2,17.8,3.9,NA,NA,NA,NA,NA,NA,NA,NA,NA
"759",2020-02-09,371,8.1,16.5,6.6,24.2,17.1,NA,5.2,17.8,3.9,NA,NA,NA,NA,NA,NA,NA,NA,NA
"760",2020-02-10,370,8.1,16.4,6.6,24.2,17.1,NA,5.2,17.9,3.9,NA,NA,NA,NA,NA,NA,NA,NA,NA
"761",2020-02-11,369,8.2,16.3,6.6,24.2,17.2,NA,5.2,17.9,4,NA,NA,NA,NA,NA,NA,NA,NA,NA
"762",2020-02-12,368,8.2,16.2,6.6,24.2,17.2,NA,5.3,17.9,4,NA,NA,NA,NA,NA,NA,NA,NA,NA
"763",2020-02-13,367,8.2,16.1,6.6,24.2,17.2,NA,5.3,17.9,4,NA,NA,NA,NA,NA,NA,NA,NA,NA
"764",2020-02-14,366,8.2,16.1,6.6,24.1,17.2,NA,5.3,18,4,NA,NA,NA,NA,NA,NA,NA,NA,NA
"765",2020-02-15,365,8.2,16,6.6,24.1,17.2,NA,5.3,18,4.1,NA,NA,NA,NA,NA,NA,NA,NA,NA
"766",2020-02-16,364,8.2,15.9,6.6,24.1,17.2,NA,5.3,18,4.1,NA,NA,NA,NA,NA,NA,NA,NA,NA
"767",2020-02-17,363,8.3,15.8,6.6,24.1,17.3,NA,5.3,18,4.1,NA,NA,NA,NA,NA,NA,NA,NA,NA
"768",2020-02-18,362,8.3,15.7,6.6,24.1,17.3,NA,5.4,18.1,4.1,NA,NA,NA,NA,NA,NA,NA,NA,NA
"769",2020-02-19,361,8.3,15.7,6.6,24.1,17.3,NA,5.4,18.1,4.1,NA,NA,NA,NA,NA,NA,NA,NA,NA
"770",2020-02-20,360,8.3,15.6,6.6,24.1,17.3,NA,5.4,18.1,4.1,NA,NA,NA,NA,NA,NA,NA,NA,NA
"771",2020-02-21,359,8.3,15.5,6.6,24.1,17.3,NA,5.4,18.1,4.1,NA,NA,NA,NA,NA,NA,NA,NA,NA
"772",2020-02-22,358,8.3,15.5,6.6,24.1,17.3,NA,5.4,18.1,4.1,NA,NA,NA,NA,NA,NA,NA,NA,NA
"773",2020-02-23,357,8.4,15.4,6.6,24.1,17.3,NA,5.4,18.2,4.1,NA,NA,NA,NA,NA,NA,NA,NA,NA
"774",2020-02-24,356,8.4,15.4,6.6,24.1,17.3,NA,5.4,18.2,4.1,NA,NA,NA,NA,NA,NA,NA,NA,NA
"775",2020-02-25,355,8.4,15.3,6.6,24.1,17.3,NA,5.4,18.2,4.1,NA,NA,NA,NA,NA,NA,NA,NA,NA
"776",2020-02-26,354,8.4,15.2,6.6,24.1,17.3,NA,5.5,18.2,4.1,8.1,8.9,4.9,28.1,15.4,7.2,20.8,4.4,NA
"777",2020-02-27,353,8.4,15.2,6.6,24.1,17.3,NA,5.5,18.2,4.1,NA,NA,NA,NA,NA,NA,NA,NA,NA
"778",2020-02-28,352,8.4,15.1,6.6,24.1,17.3,NA,5.5,18.2,4.1,NA,NA,NA,NA,NA,NA,NA,NA,NA
"779",2020-02-29,351,8.4,15.1,6.6,24.1,17.3,NA,5.5,18.3,4.1,NA,NA,NA,NA,NA,NA,NA,NA,NA
"780",2020-03-01,350,8.4,15,6.6,24.1,17.3,NA,5.5,18.3,4.1,NA,NA,NA,NA,NA,NA,NA,NA,NA
"781",2020-03-02,349,8.4,15,6.6,24.1,17.3,NA,5.5,18.3,4.1,NA,NA,NA,NA,NA,NA,NA,NA,NA
"782",2020-03-03,348,8.5,14.9,6.6,24.1,17.3,NA,5.5,18.3,4.1,NA,NA,NA,NA,NA,NA,NA,NA,NA
"783",2020-03-04,347,8.5,14.9,6.6,24.2,17.3,NA,5.5,18.3,4.1,NA,NA,NA,NA,NA,NA,NA,NA,NA
"784",2020-03-05,346,8.5,14.8,6.6,24.2,17.3,NA,5.5,18.3,4.1,NA,NA,NA,NA,NA,NA,NA,NA,NA
"785",2020-03-06,345,8.5,14.8,6.6,24.2,17.3,NA,5.5,18.3,4.1,NA,NA,NA,NA,NA,NA,NA,NA,NA
"786",2020-03-07,344,8.5,14.8,6.6,24.2,17.3,NA,5.5,18.3,4.1,NA,NA,NA,NA,NA,NA,NA,NA,NA
"787",2020-03-08,343,8.5,14.7,6.6,24.2,17.3,NA,5.6,18.4,4.1,NA,NA,NA,NA,NA,NA,NA,NA,NA
"788",2020-03-09,342,8.5,14.7,6.6,24.2,17.3,NA,5.6,18.4,4.1,10.9,12.8,7.1,23,18.6,5.5,17.4,3,NA
"789",2020-03-10,341,8.5,14.6,6.6,24.2,17.3,NA,5.6,18.4,4.1,NA,NA,NA,NA,NA,NA,NA,NA,NA
"790",2020-03-11,340,8.5,14.6,6.6,24.2,17.3,NA,5.6,18.4,4.1,NA,NA,NA,NA,NA,NA,NA,NA,NA
"791",2020-03-12,339,8.5,14.5,6.6,24.2,17.3,NA,5.6,18.4,4.1,NA,NA,NA,NA,NA,NA,NA,NA,NA
"792",2020-03-13,338,8.5,14.5,6.6,24.2,17.3,NA,5.6,18.4,4.1,NA,NA,NA,NA,NA,NA,NA,NA,NA
"793",2020-03-14,337,8.6,14.5,6.6,24.2,17.3,NA,5.6,18.4,4.1,NA,NA,NA,NA,NA,NA,NA,NA,NA
"794",2020-03-15,336,8.6,14.4,6.6,24.2,17.3,NA,5.6,18.4,4.1,NA,NA,NA,NA,NA,NA,NA,NA,NA
"795",2020-03-16,335,8.6,14.4,6.6,24.2,17.3,NA,5.6,18.4,4.1,NA,NA,NA,NA,NA,NA,NA,NA,NA
"796",2020-03-17,334,8.6,14.3,6.6,24.2,17.3,NA,5.6,18.4,4.1,NA,NA,NA,NA,NA,NA,NA,NA,NA
"797",2020-03-18,333,8.6,14.3,6.6,24.2,17.3,NA,5.6,18.5,4.1,NA,NA,NA,NA,NA,NA,NA,NA,NA
"798",2020-03-19,332,8.6,14.3,6.6,24.2,17.3,NA,5.6,18.5,4.1,NA,NA,NA,NA,NA,NA,NA,NA,NA
"799",2020-03-20,331,8.6,14.3,6.6,24.2,17.3,NA,5.6,18.5,4.1,NA,NA,NA,NA,NA,NA,NA,NA,NA
"800",2020-03-21,330,8.6,14.2,6.6,24.2,17.3,NA,5.6,18.5,4.1,NA,NA,NA,NA,NA,NA,NA,NA,NA
"801",2020-03-22,329,8.6,14.2,6.6,24.2,17.3,NA,5.6,18.5,4.1,NA,NA,NA,NA,NA,NA,NA,NA,NA
"802",2020-03-23,328,8.6,14.2,6.6,24.2,17.3,NA,5.7,18.5,4.1,NA,NA,NA,NA,NA,NA,NA,NA,NA
"803",2020-03-24,327,8.6,14.1,6.6,24.2,17.3,NA,5.7,18.5,4.1,NA,NA,NA,NA,NA,NA,NA,NA,NA
"804",2020-03-25,326,8.6,14.1,6.6,24.2,17.3,NA,5.7,18.5,4.1,NA,NA,NA,NA,NA,NA,NA,NA,NA
"805",2020-03-26,325,8.6,14.1,6.6,24.2,17.3,NA,5.7,18.5,4.1,NA,NA,NA,NA,NA,NA,NA,NA,NA
"806",2020-03-27,324,8.6,14,6.6,24.2,17.3,NA,5.7,18.5,4.1,NA,NA,NA,NA,NA,NA,NA,NA,NA
"807",2020-03-28,323,8.6,14,6.6,24.2,17.3,NA,5.7,18.5,4.1,NA,NA,NA,NA,NA,NA,NA,NA,NA
"808",2020-03-29,322,8.7,14,6.6,24.2,17.3,NA,5.7,18.5,4.1,NA,NA,NA,NA,NA,NA,NA,NA,NA
"809",2020-03-30,321,8.7,13.9,6.6,24.2,17.3,NA,5.7,18.5,4.1,NA,NA,NA,NA,NA,NA,NA,NA,NA
"810",2020-03-31,320,8.7,13.9,6.6,24.2,17.3,NA,5.7,18.5,4.1,NA,NA,NA,NA,NA,NA,NA,NA,NA
"811",2020-04-01,319,8.7,13.9,6.6,24.2,17.3,NA,5.7,18.5,4.1,NA,NA,NA,NA,NA,NA,NA,NA,NA
"812",2020-04-02,318,8.7,13.9,6.6,24.2,17.3,NA,5.7,18.5,4.1,NA,NA,NA,NA,NA,NA,NA,NA,NA
"813",2020-04-03,317,8.7,13.8,6.6,24.2,17.3,NA,5.7,18.6,4.1,NA,NA,NA,NA,NA,NA,NA,NA,NA
"814",2020-04-04,316,8.7,13.8,6.6,24.2,17.3,NA,5.7,18.6,4.1,NA,NA,NA,NA,NA,NA,NA,NA,NA
"815",2020-04-05,315,8.7,13.8,6.6,24.2,17.3,NA,5.7,18.6,4.2,NA,NA,NA,NA,NA,NA,NA,NA,NA
"816",2020-04-06,314,8.7,13.8,6.6,24.2,17.3,NA,5.7,18.6,4.2,NA,NA,NA,NA,NA,NA,NA,NA,NA
"817",2020-04-07,313,8.7,13.7,6.6,24.2,17.3,NA,5.7,18.6,4.2,NA,NA,NA,NA,NA,NA,NA,NA,NA
"818",2020-04-08,312,8.7,13.7,6.6,24.2,17.3,NA,5.7,18.6,4.2,NA,NA,NA,NA,NA,NA,NA,NA,NA
"819",2020-04-09,311,8.7,13.7,6.6,24.2,17.3,NA,5.7,18.6,4.2,NA,NA,NA,NA,NA,NA,NA,NA,NA
"820",2020-04-10,310,8.7,13.7,6.6,24.2,17.3,NA,5.7,18.6,4.2,NA,NA,NA,NA,NA,NA,NA,NA,NA
"821",2020-04-11,309,8.7,13.6,6.6,24.2,17.3,NA,5.7,18.6,4.2,NA,NA,NA,NA,NA,NA,NA,NA,NA
"822",2020-04-12,308,8.7,13.6,6.6,24.2,17.3,NA,5.7,18.6,4.2,NA,NA,NA,NA,NA,NA,NA,NA,NA
"823",2020-04-13,307,8.7,13.6,6.6,24.2,17.3,NA,5.7,18.6,4.2,NA,NA,NA,NA,NA,NA,NA,NA,NA
"824",2020-04-14,306,8.7,13.6,6.6,24.2,17.3,NA,5.7,18.6,4.2,NA,NA,NA,NA,NA,NA,NA,NA,NA
"825",2020-04-15,305,8.7,13.5,6.6,24.2,17.3,NA,5.8,18.6,4.2,NA,NA,NA,NA,NA,NA,NA,NA,NA
"826",2020-04-16,304,8.7,13.5,6.6,24.2,17.3,NA,5.8,18.6,4.2,NA,NA,NA,NA,NA,NA,NA,NA,NA
"827",2020-04-17,303,8.7,13.5,6.6,24.2,17.3,NA,5.8,18.6,4.2,NA,NA,NA,NA,NA,NA,NA,NA,NA
"828",2020-04-18,302,8.7,13.4,6.6,24.1,17.3,NA,5.8,18.6,4.2,NA,NA,NA,NA,NA,NA,NA,NA,NA
"829",2020-04-19,301,8.7,13.4,6.6,24.1,17.4,NA,5.8,18.6,4.2,NA,NA,NA,NA,NA,NA,NA,NA,NA
"830",2020-04-20,300,8.7,13.4,6.6,24.1,17.4,NA,5.8,18.7,4.2,NA,NA,NA,NA,NA,NA,NA,NA,NA
"831",2020-04-21,299,8.7,13.3,6.6,24.1,17.4,NA,5.8,18.7,4.2,NA,NA,NA,NA,NA,NA,NA,NA,NA
"832",2020-04-22,298,8.7,13.3,6.6,24.1,17.4,NA,5.8,18.7,4.2,NA,NA,NA,NA,NA,NA,NA,NA,NA
"833",2020-04-23,297,8.7,13.3,6.6,24.1,17.4,NA,5.8,18.7,4.2,NA,NA,NA,NA,NA,NA,NA,NA,NA
"834",2020-04-24,296,8.7,13.2,6.6,24.1,17.4,NA,5.9,18.7,4.2,NA,NA,NA,NA,NA,NA,NA,NA,NA
"835",2020-04-25,295,8.8,13.2,6.6,24.1,17.4,NA,5.9,18.7,4.2,NA,NA,NA,NA,NA,NA,NA,NA,NA
"836",2020-04-26,294,8.8,13.2,6.6,24.1,17.4,NA,5.9,18.7,4.2,NA,NA,NA,NA,NA,NA,NA,NA,NA
"837",2020-04-27,293,8.8,13.2,6.6,24.1,17.4,NA,5.9,18.7,4.2,NA,NA,NA,NA,NA,NA,NA,NA,NA
"838",2020-04-28,292,8.8,13.1,6.6,24.1,17.4,NA,5.9,18.7,4.2,NA,NA,NA,NA,NA,NA,NA,NA,NA
"839",2020-04-29,291,8.8,13.1,6.6,24.1,17.4,NA,5.9,18.7,4.2,NA,NA,NA,NA,NA,NA,NA,NA,NA
"840",2020-04-30,290,8.8,13.1,6.6,24.1,17.4,NA,5.9,18.7,4.2,NA,NA,NA,NA,NA,NA,NA,NA,NA
"841",2020-05-01,289,8.8,13,6.6,24.1,17.4,NA,5.9,18.7,4.2,NA,NA,NA,NA,NA,NA,NA,NA,NA
"842",2020-05-02,288,8.8,13,6.6,24.1,17.5,NA,6,18.7,4.2,NA,NA,NA,NA,NA,NA,NA,NA,NA
"843",2020-05-03,287,8.8,13,6.6,24.1,17.5,NA,6,18.7,4.2,NA,NA,NA,NA,NA,NA,NA,NA,NA
"844",2020-05-04,286,8.8,12.9,6.6,24.1,17.5,NA,6,18.7,4.2,NA,NA,NA,NA,NA,NA,NA,NA,NA
"845",2020-05-05,285,8.8,12.9,6.6,24.1,17.5,NA,6,18.7,4.2,NA,NA,NA,NA,NA,NA,NA,NA,NA
"846",2020-05-06,284,8.8,12.9,6.6,24,17.5,NA,6,18.7,4.2,NA,NA,NA,NA,NA,NA,NA,NA,NA
"847",2020-05-07,283,8.8,12.8,6.6,24,17.5,NA,6,18.7,4.2,NA,NA,NA,NA,NA,NA,NA,NA,NA
"848",2020-05-08,282,8.8,12.8,6.6,24,17.5,NA,6.1,18.7,4.2,7.7,12.9,6.1,25.2,16.8,6.3,18,3.8,NA
"849",2020-05-09,281,8.8,12.8,6.6,24,17.6,NA,6.1,18.7,4.2,NA,NA,NA,NA,NA,NA,NA,NA,NA
"850",2020-05-10,280,8.8,12.7,6.6,24,17.6,NA,6.1,18.7,4.2,NA,NA,NA,NA,NA,NA,NA,NA,NA
"851",2020-05-11,279,8.8,12.7,6.6,24,17.6,NA,6.1,18.8,4.2,NA,NA,NA,NA,NA,NA,NA,NA,NA
"852",2020-05-12,278,8.8,12.7,6.6,24,17.6,NA,6.1,18.8,4.2,NA,NA,NA,NA,NA,NA,NA,NA,NA
"853",2020-05-13,277,8.8,12.6,6.6,24,17.6,NA,6.2,18.8,4.2,NA,NA,NA,NA,NA,NA,NA,NA,NA
"854",2020-05-14,276,8.8,12.6,6.6,24,17.6,NA,6.2,18.8,4.2,NA,NA,NA,NA,NA,NA,NA,NA,NA
"855",2020-05-15,275,8.8,12.6,6.6,23.9,17.7,NA,6.2,18.8,4.2,8.7,9.6,6.5,21.1,21.2,8.7,19.5,3.5,NA
"856",2020-05-16,274,8.8,12.5,6.6,23.9,17.7,NA,6.2,18.8,4.2,NA,NA,NA,NA,NA,NA,NA,NA,NA
"857",2020-05-17,273,8.8,12.5,6.6,23.9,17.7,NA,6.2,18.8,4.2,NA,NA,NA,NA,NA,NA,NA,NA,NA
"858",2020-05-18,272,8.8,12.5,6.6,23.9,17.7,NA,6.2,18.8,4.2,NA,NA,NA,NA,NA,NA,NA,NA,NA
"859",2020-05-19,271,8.8,12.4,6.6,23.9,17.7,NA,6.3,18.8,4.2,NA,NA,NA,NA,NA,NA,NA,NA,NA
"860",2020-05-20,270,8.8,12.4,6.6,23.9,17.7,NA,6.3,18.8,4.2,NA,NA,NA,NA,NA,NA,NA,NA,NA
"861",2020-05-21,269,8.8,12.4,6.6,23.9,17.7,NA,6.3,18.8,4.2,NA,NA,NA,NA,NA,NA,NA,NA,NA
"862",2020-05-22,268,8.8,12.3,6.6,23.9,17.8,NA,6.3,18.8,4.2,NA,NA,NA,NA,NA,NA,NA,NA,NA
"863",2020-05-23,267,8.8,12.3,6.6,23.9,17.8,NA,6.3,18.8,4.2,NA,NA,NA,NA,NA,NA,NA,NA,NA
"864",2020-05-24,266,8.8,12.3,6.6,23.9,17.8,NA,6.3,18.8,4.2,NA,NA,NA,NA,NA,NA,NA,NA,NA
"865",2020-05-25,265,8.8,12.3,6.6,23.9,17.8,NA,6.3,18.8,4.2,NA,NA,NA,NA,NA,NA,NA,NA,NA
"866",2020-05-26,264,8.8,12.2,6.6,23.8,17.8,NA,6.4,18.8,4.2,NA,NA,NA,NA,NA,NA,NA,NA,NA
"867",2020-05-27,263,8.8,12.2,6.6,23.8,17.8,NA,6.4,18.8,4.2,NA,NA,NA,NA,NA,NA,NA,NA,NA
"868",2020-05-28,262,8.8,12.2,6.6,23.8,17.8,NA,6.4,18.8,4.2,NA,NA,NA,NA,NA,NA,NA,NA,NA
"869",2020-05-29,261,8.8,12.1,6.6,23.8,17.9,NA,6.4,18.8,4.2,NA,NA,NA,NA,NA,NA,NA,NA,NA
"870",2020-05-30,260,8.8,12.1,6.6,23.8,17.9,NA,6.4,18.8,4.2,NA,NA,NA,NA,NA,NA,NA,NA,NA
"871",2020-05-31,259,8.8,12.1,6.6,23.8,17.9,NA,6.5,18.8,4.2,NA,NA,NA,NA,NA,NA,NA,NA,NA
"872",2020-06-01,258,8.8,12.1,6.6,23.8,17.9,NA,6.5,18.8,4.2,NA,NA,NA,NA,NA,NA,NA,NA,NA
"873",2020-06-02,257,8.8,12,6.6,23.8,17.9,NA,6.5,18.8,4.2,NA,NA,NA,NA,NA,NA,NA,NA,NA
"874",2020-06-03,256,8.8,12,6.6,23.8,17.9,NA,6.5,18.8,4.2,NA,NA,NA,NA,NA,NA,NA,NA,NA
"875",2020-06-04,255,8.8,12,6.6,23.8,17.9,NA,6.5,18.9,4.2,NA,NA,NA,NA,NA,NA,NA,NA,NA
"876",2020-06-05,254,8.8,11.9,6.6,23.7,17.9,NA,6.5,18.9,4.2,NA,NA,NA,NA,NA,NA,NA,NA,NA
"877",2020-06-06,253,8.8,11.9,6.6,23.7,18,NA,6.5,18.9,4.2,NA,NA,NA,NA,NA,NA,NA,NA,NA
"878",2020-06-07,252,8.8,11.9,6.6,23.7,18,NA,6.5,18.9,4.2,NA,NA,NA,NA,NA,NA,NA,NA,NA
"879",2020-06-08,251,8.8,11.9,6.6,23.7,18,NA,6.5,18.9,4.2,NA,NA,NA,NA,NA,NA,NA,NA,NA
"880",2020-06-09,250,8.8,11.8,6.6,23.8,18,NA,6.5,18.9,4.2,NA,NA,NA,NA,NA,NA,NA,NA,NA
"881",2020-06-10,249,8.8,11.8,6.6,23.8,18,NA,6.5,18.9,4.2,NA,NA,NA,NA,NA,NA,NA,NA,NA
"882",2020-06-11,248,8.8,11.8,6.6,23.8,18,NA,6.6,18.9,4.2,NA,NA,NA,NA,NA,NA,NA,NA,NA
"883",2020-06-12,247,8.8,11.8,6.6,23.8,18,NA,6.6,18.9,4.2,NA,NA,NA,NA,NA,NA,NA,NA,NA
"884",2020-06-13,246,8.8,11.7,6.6,23.8,18,NA,6.6,18.9,4.2,NA,NA,NA,NA,NA,NA,NA,NA,NA
"885",2020-06-14,245,8.8,11.7,6.6,23.8,18,NA,6.6,18.9,4.2,NA,NA,NA,NA,NA,NA,NA,NA,NA
"886",2020-06-15,244,8.8,11.7,6.6,23.8,18,NA,6.6,18.9,4.2,NA,NA,NA,NA,NA,NA,NA,NA,NA
"887",2020-06-16,243,8.8,11.7,6.6,23.8,18,NA,6.6,18.9,4.2,NA,NA,NA,NA,NA,NA,NA,NA,NA
"888",2020-06-17,242,8.8,11.6,6.6,23.8,18,NA,6.6,18.9,4.2,NA,NA,NA,NA,NA,NA,NA,NA,NA
"889",2020-06-18,241,8.8,11.6,6.6,23.8,18,NA,6.6,18.9,4.2,NA,NA,NA,NA,NA,NA,NA,NA,NA
"890",2020-06-19,240,8.8,11.6,6.6,23.8,18,NA,6.6,18.9,4.2,NA,NA,NA,NA,NA,NA,NA,NA,NA
"891",2020-06-20,239,8.8,11.6,6.6,23.8,18,NA,6.6,18.9,4.2,NA,NA,NA,NA,NA,NA,NA,NA,NA
"892",2020-06-21,238,8.8,11.5,6.6,23.8,18,NA,6.6,19,4.2,NA,NA,NA,NA,NA,NA,NA,NA,NA
"893",2020-06-22,237,8.8,11.5,6.5,23.8,18,NA,6.6,19,4.2,NA,NA,NA,NA,NA,NA,NA,NA,NA
"894",2020-06-23,236,8.8,11.5,6.5,23.8,18,NA,6.6,18.9,4.2,NA,NA,NA,NA,NA,NA,NA,NA,NA
"895",2020-06-24,235,8.7,11.5,6.5,23.8,18,NA,6.6,18.9,4.2,NA,NA,NA,NA,NA,NA,NA,NA,NA
"896",2020-06-25,234,8.7,11.5,6.5,23.8,18,NA,6.6,18.9,4.2,NA,NA,NA,NA,NA,NA,NA,NA,NA
"897",2020-06-26,233,8.7,11.5,6.5,23.8,18,NA,6.6,18.9,4.2,NA,NA,NA,NA,NA,NA,NA,NA,NA
"898",2020-06-27,232,8.7,11.5,6.5,23.8,18,NA,6.6,18.9,4.2,NA,NA,NA,NA,NA,NA,NA,NA,NA
"899",2020-06-28,231,8.7,11.4,6.5,23.8,18.1,NA,6.6,18.9,4.2,NA,NA,NA,NA,NA,NA,NA,NA,NA
"900",2020-06-29,230,8.7,11.4,6.5,23.8,18.1,NA,6.6,18.9,4.3,NA,NA,NA,NA,NA,NA,NA,NA,NA
"901",2020-06-30,229,8.7,11.4,6.5,23.8,18.1,NA,6.6,18.9,4.3,NA,NA,NA,NA,NA,NA,NA,NA,NA
"902",2020-07-01,228,8.7,11.4,6.4,23.8,18.1,NA,6.6,18.9,4.3,NA,NA,NA,NA,NA,NA,NA,NA,NA
"903",2020-07-02,227,8.7,11.4,6.4,23.8,18.1,NA,6.6,18.9,4.3,6.6,9.5,6.2,27.4,17.8,5.7,19.7,5.1,NA
"904",2020-07-03,226,8.7,11.4,6.4,23.8,18.1,NA,6.6,18.9,4.3,NA,NA,NA,NA,NA,NA,NA,NA,NA
"905",2020-07-04,225,8.6,11.4,6.4,23.8,18.1,NA,6.5,18.9,4.3,NA,NA,NA,NA,NA,NA,NA,NA,NA
"906",2020-07-05,224,8.6,11.4,6.4,23.8,18.1,NA,6.5,18.9,4.3,NA,NA,NA,NA,NA,NA,NA,NA,NA
"907",2020-07-06,223,8.6,11.4,6.4,23.8,18.2,NA,6.5,18.9,4.3,NA,NA,NA,NA,NA,NA,NA,NA,NA
"908",2020-07-07,222,8.6,11.4,6.4,23.8,18.2,NA,6.5,18.9,4.4,NA,NA,NA,NA,NA,NA,NA,NA,NA
"909",2020-07-08,221,8.6,11.4,6.3,23.8,18.2,NA,6.5,18.9,4.4,NA,NA,NA,NA,NA,NA,NA,NA,NA
"910",2020-07-09,220,8.6,11.4,6.3,23.8,18.2,NA,6.5,18.9,4.4,NA,NA,NA,NA,NA,NA,NA,NA,NA
"911",2020-07-10,219,8.6,11.4,6.3,23.8,18.2,NA,6.5,18.9,4.4,NA,NA,NA,NA,NA,NA,NA,NA,NA
"912",2020-07-11,218,8.6,11.4,6.3,23.8,18.2,NA,6.5,18.9,4.4,NA,NA,NA,NA,NA,NA,NA,NA,NA
"913",2020-07-12,217,8.6,11.4,6.3,23.8,18.3,NA,6.5,18.8,4.4,NA,NA,NA,NA,NA,NA,NA,NA,NA
"914",2020-07-13,216,8.6,11.4,6.3,23.8,18.3,NA,6.5,18.8,4.4,7.9,11.9,5.4,22.5,19.3,6.1,17.9,5.4,NA
"915",2020-07-14,215,8.6,11.4,6.3,23.8,18.3,NA,6.5,18.8,4.4,NA,NA,NA,NA,NA,NA,NA,NA,NA
"916",2020-07-15,214,8.5,11.4,6.2,23.8,18.3,NA,6.5,18.8,4.4,NA,NA,NA,NA,NA,NA,NA,NA,NA
"917",2020-07-16,213,8.5,11.4,6.2,23.8,18.3,NA,6.5,18.8,4.5,NA,NA,NA,NA,NA,NA,NA,NA,NA
"918",2020-07-17,212,8.5,11.4,6.2,23.8,18.3,NA,6.5,18.8,4.5,NA,NA,NA,NA,NA,NA,NA,NA,NA
"919",2020-07-18,211,8.5,11.4,6.2,23.7,18.4,NA,6.5,18.8,4.5,NA,NA,NA,NA,NA,NA,NA,NA,NA
"920",2020-07-19,210,8.5,11.4,6.2,23.7,18.4,NA,6.5,18.7,4.5,NA,NA,NA,NA,NA,NA,NA,NA,NA
"921",2020-07-20,209,8.5,11.5,6.2,23.7,18.4,NA,6.5,18.7,4.5,NA,NA,NA,NA,NA,NA,NA,NA,NA
"922",2020-07-21,208,8.5,11.5,6.2,23.7,18.4,NA,6.5,18.7,4.5,8.2,14.4,4.9,22.1,20.9,5.5,17,4,NA
"923",2020-07-22,207,8.5,11.5,6.1,23.7,18.5,NA,6.4,18.7,4.5,NA,NA,NA,NA,NA,NA,NA,NA,NA
"924",2020-07-23,206,8.5,11.5,6.1,23.7,18.5,NA,6.4,18.7,4.5,NA,NA,NA,NA,NA,NA,NA,NA,NA
"925",2020-07-24,205,8.4,11.5,6.1,23.7,18.5,NA,6.4,18.7,4.5,NA,NA,NA,NA,NA,NA,NA,NA,NA
"926",2020-07-25,204,8.4,11.5,6.1,23.7,18.5,NA,6.4,18.7,4.5,NA,NA,NA,NA,NA,NA,NA,NA,NA
"927",2020-07-26,203,8.4,11.5,6.1,23.6,18.5,NA,6.4,18.6,4.5,NA,NA,NA,NA,NA,NA,NA,NA,NA
"928",2020-07-27,202,8.4,11.5,6.1,23.6,18.6,NA,6.4,18.6,4.5,NA,NA,NA,NA,NA,NA,NA,NA,NA
"929",2020-07-28,201,8.4,11.5,6.1,23.6,18.6,NA,6.4,18.6,4.5,NA,NA,NA,NA,NA,NA,NA,NA,NA
"930",2020-07-29,200,8.4,11.6,6,23.6,18.6,NA,6.4,18.6,4.5,NA,NA,NA,NA,NA,NA,NA,NA,NA
"931",2020-07-30,199,8.4,11.6,6,23.6,18.6,NA,6.4,18.6,4.5,NA,NA,NA,NA,NA,NA,NA,NA,NA
"932",2020-07-31,198,8.4,11.6,6,23.6,18.6,NA,6.4,18.6,4.5,NA,NA,NA,NA,NA,NA,NA,NA,NA
"933",2020-08-01,197,8.4,11.6,6,23.6,18.7,NA,6.4,18.6,4.5,NA,NA,NA,NA,NA,NA,NA,NA,NA
"934",2020-08-02,196,8.4,11.6,6,23.6,18.7,NA,6.4,18.6,4.5,NA,NA,NA,NA,NA,NA,NA,NA,NA
"935",2020-08-03,195,8.4,11.6,6,23.5,18.7,NA,6.4,18.5,4.5,NA,NA,NA,NA,NA,NA,NA,NA,NA
"936",2020-08-04,194,8.4,11.6,6,23.5,18.7,NA,6.4,18.5,4.5,NA,NA,NA,NA,NA,NA,NA,NA,NA
"937",2020-08-05,193,8.4,11.6,6,23.5,18.8,NA,6.4,18.5,4.5,NA,NA,NA,NA,NA,NA,NA,NA,NA
"938",2020-08-06,192,8.4,11.6,6,23.5,18.8,NA,6.4,18.5,4.5,NA,NA,NA,NA,NA,NA,NA,NA,NA
"939",2020-08-07,191,8.4,11.7,6,23.5,18.8,NA,6.4,18.5,4.5,NA,NA,NA,NA,NA,NA,NA,NA,NA
"940",2020-08-08,190,8.4,11.7,5.9,23.5,18.8,NA,6.4,18.5,4.5,NA,NA,NA,NA,NA,NA,NA,NA,NA
"941",2020-08-09,189,8.3,11.7,5.9,23.5,18.9,NA,6.4,18.5,4.5,NA,NA,NA,NA,NA,NA,NA,NA,NA
"942",2020-08-10,188,8.3,11.7,5.9,23.5,18.9,NA,6.4,18.5,4.5,NA,NA,NA,NA,NA,NA,NA,NA,NA
"943",2020-08-11,187,8.3,11.7,5.9,23.5,18.9,NA,6.4,18.4,4.5,NA,NA,NA,NA,NA,NA,NA,NA,NA
"944",2020-08-12,186,8.3,11.7,5.9,23.4,18.9,NA,6.4,18.4,4.5,NA,NA,NA,NA,NA,NA,NA,NA,NA
"945",2020-08-13,185,8.3,11.7,5.9,23.4,19,NA,6.4,18.4,4.5,NA,NA,NA,NA,NA,NA,NA,NA,NA
"946",2020-08-14,184,8.3,11.7,5.9,23.5,19,NA,6.4,18.4,4.5,NA,NA,NA,NA,NA,NA,NA,NA,NA
"947",2020-08-15,183,8.3,11.7,5.9,23.5,19,NA,6.4,18.4,4.5,NA,NA,NA,NA,NA,NA,NA,NA,NA
"948",2020-08-16,182,8.3,11.6,5.9,23.5,19,NA,6.4,18.4,4.5,NA,NA,NA,NA,NA,NA,NA,NA,NA
"949",2020-08-17,181,8.3,11.6,5.8,23.5,19.1,NA,6.4,18.4,4.5,NA,NA,NA,NA,NA,NA,NA,NA,NA
"950",2020-08-18,180,8.3,11.6,5.8,23.5,19.1,NA,6.4,18.4,4.5,NA,NA,NA,NA,NA,NA,NA,NA,NA
"951",2020-08-19,179,8.3,11.6,5.8,23.5,19.1,NA,6.4,18.4,4.5,NA,NA,NA,NA,NA,NA,NA,NA,NA
"952",2020-08-20,178,8.3,11.5,5.8,23.5,19.1,NA,6.4,18.4,4.5,NA,NA,NA,NA,NA,NA,NA,NA,NA
"953",2020-08-21,177,8.3,11.5,5.8,23.6,19.2,NA,6.4,18.4,4.5,NA,NA,NA,NA,NA,NA,NA,NA,NA
"954",2020-08-22,176,8.3,11.5,5.8,23.6,19.2,NA,6.4,18.4,4.5,NA,NA,NA,NA,NA,NA,NA,NA,NA
"955",2020-08-23,175,8.3,11.4,5.8,23.6,19.2,NA,6.4,18.4,4.5,NA,NA,NA,NA,NA,NA,NA,NA,NA
"956",2020-08-24,174,8.2,11.4,5.7,23.6,19.2,NA,6.4,18.4,4.5,NA,NA,NA,NA,NA,NA,NA,NA,NA
"957",2020-08-25,173,8.2,11.4,5.7,23.7,19.2,NA,6.4,18.4,4.5,NA,NA,NA,NA,NA,NA,NA,NA,NA
"958",2020-08-26,172,8.2,11.3,5.7,23.7,19.3,NA,6.4,18.4,4.5,NA,NA,NA,NA,NA,NA,NA,NA,NA
"959",2020-08-27,171,8.2,11.3,5.7,23.7,19.3,NA,6.4,18.4,4.5,NA,NA,NA,NA,NA,NA,NA,NA,NA
"960",2020-08-28,170,8.2,11.3,5.7,23.7,19.3,NA,6.4,18.4,4.5,NA,NA,NA,NA,NA,NA,NA,NA,NA
"961",2020-08-29,169,8.2,11.2,5.7,23.8,19.3,NA,6.4,18.4,4.5,NA,NA,NA,NA,NA,NA,NA,NA,NA
"962",2020-08-30,168,8.2,11.2,5.7,23.8,19.4,NA,6.4,18.4,4.5,NA,NA,NA,NA,NA,NA,NA,NA,NA
"963",2020-08-31,167,8.2,11.2,5.6,23.8,19.4,NA,6.4,18.4,4.5,8.1,10.1,5.5,22.4,21.4,7.1,17.9,4.6,NA
"964",2020-09-01,166,8.2,11.2,5.6,23.8,19.4,NA,6.4,18.4,4.5,NA,NA,NA,NA,NA,NA,NA,NA,NA
"965",2020-09-02,165,8.2,11.2,5.6,23.8,19.4,NA,6.5,18.4,4.5,NA,NA,NA,NA,NA,NA,NA,NA,NA
"966",2020-09-03,164,8.2,11.1,5.6,23.9,19.4,NA,6.5,18.4,4.5,NA,NA,NA,NA,NA,NA,NA,NA,NA
"967",2020-09-04,163,8.2,11.1,5.6,23.9,19.5,NA,6.5,18.4,4.5,6.7,10.2,3.9,27.2,19.9,6.4,19.1,4.2,NA
"968",2020-09-05,162,8.2,11.1,5.6,23.9,19.5,NA,6.5,18.4,4.5,NA,NA,NA,NA,NA,NA,NA,NA,NA
"969",2020-09-06,161,8.2,11,5.5,23.9,19.5,NA,6.5,18.4,4.5,NA,NA,NA,NA,NA,NA,NA,NA,NA
"970",2020-09-07,160,8.2,11,5.5,24,19.5,NA,6.5,18.4,4.5,NA,NA,NA,NA,NA,NA,NA,NA,NA
"971",2020-09-08,159,8.2,11,5.5,24,19.6,NA,6.5,18.4,4.5,NA,NA,NA,NA,NA,NA,NA,NA,NA
"972",2020-09-09,158,8.1,10.9,5.5,24,19.6,NA,6.5,18.4,4.5,NA,NA,NA,NA,NA,NA,NA,NA,NA
"973",2020-09-10,157,8.1,10.9,5.5,24.1,19.6,NA,6.5,18.4,4.5,NA,NA,NA,NA,NA,NA,NA,NA,NA
"974",2020-09-11,156,8.1,10.9,5.5,24.1,19.6,NA,6.5,18.4,4.5,NA,NA,NA,NA,NA,NA,NA,NA,NA
"975",2020-09-12,155,8.1,10.8,5.4,24.1,19.7,NA,6.5,18.4,4.5,NA,NA,NA,NA,NA,NA,NA,NA,NA
"976",2020-09-13,154,8.1,10.8,5.4,24.2,19.7,NA,6.5,18.4,4.5,NA,NA,NA,NA,NA,NA,NA,NA,NA
"977",2020-09-14,153,8.1,10.8,5.4,24.2,19.7,NA,6.5,18.4,4.5,NA,NA,NA,NA,NA,NA,NA,NA,NA
"978",2020-09-15,152,8.1,10.7,5.4,24.2,19.7,NA,6.5,18.4,4.5,NA,NA,NA,NA,NA,NA,NA,NA,NA
"979",2020-09-16,151,8.1,10.7,5.4,24.2,19.8,NA,6.5,18.4,4.5,NA,NA,NA,NA,NA,NA,NA,NA,NA
"980",2020-09-17,150,8.1,10.7,5.4,24.2,19.8,NA,6.5,18.4,4.5,NA,NA,NA,NA,NA,NA,NA,NA,NA
"981",2020-09-18,149,8.1,10.7,5.3,24.2,19.8,NA,6.5,18.4,4.5,NA,NA,NA,NA,NA,NA,NA,NA,NA
"982",2020-09-19,148,8.1,10.7,5.3,24.3,19.8,NA,6.5,18.3,4.5,NA,NA,NA,NA,NA,NA,NA,NA,NA
"983",2020-09-20,147,8.1,10.7,5.3,24.3,19.8,NA,6.5,18.3,4.5,NA,NA,NA,NA,NA,NA,NA,NA,NA
"984",2020-09-21,146,8.1,10.7,5.3,24.3,19.8,NA,6.5,18.3,4.5,NA,NA,NA,NA,NA,NA,NA,NA,NA
"985",2020-09-22,145,8.1,10.7,5.3,24.3,19.8,NA,6.5,18.3,4.5,NA,NA,NA,NA,NA,NA,NA,NA,NA
"986",2020-09-23,144,8.1,10.7,5.3,24.3,19.8,NA,6.5,18.3,4.5,NA,NA,NA,NA,NA,NA,NA,NA,NA
"987",2020-09-24,143,8.1,10.7,5.3,24.3,19.8,NA,6.5,18.3,4.5,NA,NA,NA,NA,NA,NA,NA,NA,NA
"988",2020-09-25,142,8.1,10.7,5.3,24.3,19.8,NA,6.5,18.3,4.5,NA,NA,NA,NA,NA,NA,NA,NA,NA
"989",2020-09-26,141,8.1,10.7,5.3,24.3,19.8,NA,6.5,18.3,4.5,NA,NA,NA,NA,NA,NA,NA,NA,NA
"990",2020-09-27,140,8,10.7,5.2,24.3,19.9,NA,6.5,18.3,4.5,NA,NA,NA,NA,NA,NA,NA,NA,NA
"991",2020-09-28,139,8,10.7,5.2,24.3,19.9,NA,6.5,18.3,4.5,NA,NA,NA,NA,NA,NA,NA,NA,NA
"992",2020-09-29,138,8,10.8,5.2,24.3,19.9,NA,6.5,18.3,4.5,NA,NA,NA,NA,NA,NA,NA,NA,NA
"993",2020-09-30,137,8,10.8,5.2,24.3,19.9,NA,6.4,18.3,4.5,NA,NA,NA,NA,NA,NA,NA,NA,NA
"994",2020-10-01,136,8,10.8,5.2,24.3,19.9,NA,6.4,18.2,4.5,NA,NA,NA,NA,NA,NA,NA,NA,NA
"995",2020-10-02,135,8,10.8,5.2,24.3,19.9,NA,6.4,18.2,4.5,7.8,11.9,4.5,23.2,20,7.6,17.8,5,NA
"996",2020-10-03,134,8,10.8,5.2,24.3,19.9,NA,6.4,18.2,4.5,NA,NA,NA,NA,NA,NA,NA,NA,NA
"997",2020-10-04,133,8,10.8,5.2,24.3,19.9,NA,6.4,18.2,4.5,NA,NA,NA,NA,NA,NA,NA,NA,NA
"998",2020-10-05,132,8,10.8,5.2,24.3,19.9,NA,6.4,18.2,4.6,NA,NA,NA,NA,NA,NA,NA,NA,NA
"999",2020-10-06,131,8,10.8,5.2,24.3,19.9,NA,6.4,18.2,4.6,NA,NA,NA,NA,NA,NA,NA,NA,NA
"1000",2020-10-07,130,8,10.9,5.2,24.3,19.8,NA,6.4,18.2,4.6,NA,NA,NA,NA,NA,NA,NA,NA,NA
"1001",2020-10-08,129,8,10.9,5.2,24.2,19.8,NA,6.4,18.2,4.6,NA,NA,NA,NA,NA,NA,NA,NA,NA
"1002",2020-10-09,128,8,10.9,5.2,24.2,19.8,NA,6.4,18.1,4.6,7.6,12,4.9,23.4,19.4,6,18,4.5,NA
"1003",2020-10-10,127,8,10.9,5.2,24.2,19.8,NA,6.4,18.1,4.6,NA,NA,NA,NA,NA,NA,NA,NA,NA
"1004",2020-10-11,126,8,11,5.2,24.2,19.8,NA,6.4,18.1,4.6,NA,NA,NA,NA,NA,NA,NA,NA,NA
"1005",2020-10-12,125,7.9,11,5.2,24.2,19.8,NA,6.4,18.1,4.6,NA,NA,NA,NA,NA,NA,NA,NA,NA
"1006",2020-10-13,124,7.9,11,5.2,24.1,19.8,NA,6.4,18.1,4.6,NA,NA,NA,NA,NA,NA,NA,NA,NA
"1007",2020-10-14,123,7.9,11.1,5.2,24.1,19.7,NA,6.4,18,4.6,NA,NA,NA,NA,NA,NA,NA,NA,NA
"1008",2020-10-15,122,7.9,11.1,5.2,24.1,19.7,NA,6.4,18,4.6,NA,NA,NA,NA,NA,NA,NA,NA,NA
"1009",2020-10-16,121,7.9,11.1,5.2,24.1,19.7,NA,6.4,18,4.6,NA,NA,NA,NA,NA,NA,NA,NA,NA
"1010",2020-10-17,120,7.9,11.2,5.2,24,19.7,NA,6.4,18,4.6,7.6,12.3,4.8,24.1,19.7,6.4,17,4.2,NA
"1011",2020-10-18,119,7.9,11.2,5.2,24,19.7,NA,6.4,18,4.6,NA,NA,NA,NA,NA,NA,NA,NA,NA
"1012",2020-10-19,118,7.9,11.2,5.2,24,19.7,NA,6.4,17.9,4.7,NA,NA,NA,NA,NA,NA,NA,NA,NA
"1013",2020-10-20,117,7.9,11.2,5.2,24,19.6,NA,6.4,17.9,4.7,NA,NA,NA,NA,NA,NA,NA,NA,NA
"1014",2020-10-21,116,7.9,11.3,5.3,24,19.6,NA,6.4,17.9,4.7,NA,NA,NA,NA,NA,NA,NA,NA,NA
"1015",2020-10-22,115,7.9,11.3,5.3,23.9,19.6,NA,6.4,17.9,4.7,NA,NA,NA,NA,NA,NA,NA,NA,NA
"1016",2020-10-23,114,7.8,11.3,5.3,23.9,19.6,NA,6.4,17.9,4.7,7.3,12.5,5.8,22.9,18.3,6.2,17.5,5.1,NA
"1017",2020-10-24,113,7.8,11.3,5.3,23.9,19.6,NA,6.4,17.9,4.7,NA,NA,NA,NA,NA,NA,NA,NA,NA
"1018",2020-10-25,112,7.8,11.3,5.3,23.9,19.6,NA,6.4,17.8,4.8,NA,NA,NA,NA,NA,NA,NA,NA,NA
"1019",2020-10-26,111,7.8,11.3,5.3,23.9,19.6,NA,6.4,17.8,4.8,NA,NA,NA,NA,NA,NA,NA,NA,NA
"1020",2020-10-27,110,7.8,11.3,5.3,23.9,19.5,NA,6.4,17.8,4.8,NA,NA,NA,NA,NA,NA,NA,NA,NA
"1021",2020-10-28,109,7.8,11.3,5.3,23.9,19.5,NA,6.4,17.8,4.8,NA,NA,NA,NA,NA,NA,NA,NA,NA
"1022",2020-10-29,108,7.8,11.3,5.3,23.9,19.5,NA,6.4,17.8,4.8,NA,NA,NA,NA,NA,NA,NA,NA,NA
"1023",2020-10-30,107,7.8,11.3,5.3,23.8,19.5,NA,6.4,17.7,4.8,NA,NA,NA,NA,NA,NA,NA,NA,NA
"1024",2020-10-31,106,7.8,11.3,5.3,23.8,19.5,NA,6.5,17.7,4.9,NA,NA,NA,NA,NA,NA,NA,NA,NA
"1025",2020-11-01,105,7.7,11.4,5.3,23.8,19.4,NA,6.5,17.7,4.9,NA,NA,NA,NA,NA,NA,NA,NA,NA
"1026",2020-11-02,104,7.7,11.4,5.3,23.8,19.4,NA,6.5,17.7,4.9,NA,NA,NA,NA,NA,NA,NA,NA,NA
"1027",2020-11-03,103,7.7,11.4,5.3,23.8,19.4,NA,6.5,17.7,4.9,NA,NA,NA,NA,NA,NA,NA,NA,NA
"1028",2020-11-04,102,7.7,11.4,5.3,23.8,19.4,NA,6.5,17.7,5,NA,NA,NA,NA,NA,NA,NA,NA,NA
"1029",2020-11-05,101,7.7,11.4,5.3,23.8,19.4,NA,6.5,17.7,5,NA,NA,NA,NA,NA,NA,NA,NA,NA
"1030",2020-11-06,100,7.7,11.4,5.3,23.8,19.3,NA,6.5,17.6,5,NA,NA,NA,NA,NA,NA,NA,NA,NA
"1031",2020-11-07,99,7.7,11.4,5.3,23.8,19.3,2.4,6.5,17.6,5,7.2,10,5.3,24.4,18.7,7,16.8,6.4,2.4
"1032",2020-11-08,98,7.7,11.4,5.4,23.7,19.3,2.4,6.5,17.6,5.1,NA,NA,NA,NA,NA,NA,NA,NA,NA
"1033",2020-11-09,97,7.7,11.4,5.4,23.7,19.3,2.4,6.5,17.6,5.1,NA,NA,NA,NA,NA,NA,NA,NA,NA
"1034",2020-11-10,96,7.7,11.3,5.4,23.7,19.3,2.4,6.5,17.6,5.1,NA,NA,NA,NA,NA,NA,NA,NA,NA
"1035",2020-11-11,95,7.7,11.3,5.4,23.7,19.3,2.4,6.5,17.6,5.1,NA,NA,NA,NA,NA,NA,NA,NA,NA
"1036",2020-11-12,94,7.6,11.3,5.4,23.7,19.3,2.4,6.5,17.6,5.1,NA,NA,NA,NA,NA,NA,NA,NA,NA
"1037",2020-11-13,93,7.6,11.3,5.4,23.7,19.3,2.4,6.5,17.6,5.1,NA,NA,NA,NA,NA,NA,NA,NA,NA
"1038",2020-11-14,92,7.6,11.3,5.4,23.7,19.3,2.4,6.5,17.6,5.1,NA,NA,NA,NA,NA,NA,NA,NA,NA
"1039",2020-11-15,91,7.6,11.3,5.4,23.7,19.3,2.4,6.5,17.6,5.2,NA,NA,NA,NA,NA,NA,NA,NA,NA
"1040",2020-11-16,90,7.6,11.2,5.4,23.7,19.3,2.4,6.5,17.6,5.2,NA,NA,NA,NA,NA,NA,NA,NA,NA
"1041",2020-11-17,89,7.6,11.2,5.4,23.7,19.3,2.4,6.5,17.6,5.2,NA,NA,NA,NA,NA,NA,NA,NA,NA
"1042",2020-11-18,88,7.6,11.2,5.4,23.6,19.3,2.4,6.5,17.6,5.2,NA,NA,NA,NA,NA,NA,NA,NA,NA
"1043",2020-11-19,87,7.6,11.2,5.4,23.6,19.3,2.4,6.5,17.6,5.2,NA,NA,NA,NA,NA,NA,NA,NA,NA
"1044",2020-11-20,86,7.6,11.1,5.4,23.6,19.3,2.4,6.5,17.6,5.2,NA,NA,NA,NA,NA,NA,NA,NA,NA
"1045",2020-11-21,85,7.6,11.1,5.4,23.6,19.3,2.4,6.5,17.6,5.2,NA,NA,NA,NA,NA,NA,NA,NA,NA
"1046",2020-11-22,84,7.6,11.1,5.4,23.6,19.3,2.4,6.5,17.6,5.2,NA,NA,NA,NA,NA,NA,NA,NA,NA
"1047",2020-11-23,83,7.6,11.1,5.4,23.6,19.3,2.4,6.5,17.7,5.2,NA,NA,NA,NA,NA,NA,NA,NA,NA
"1048",2020-11-24,82,7.6,11.1,5.4,23.6,19.3,2.4,6.5,17.7,5.2,NA,NA,NA,NA,NA,NA,NA,NA,NA
"1049",2020-11-25,81,7.6,11,5.4,23.6,19.3,2.4,6.5,17.7,5.2,NA,NA,NA,NA,NA,NA,NA,NA,NA
"1050",2020-11-26,80,7.5,11,5.4,23.5,19.3,2.4,6.5,17.7,5.2,NA,NA,NA,NA,NA,NA,NA,NA,NA
"1051",2020-11-27,79,7.5,11,5.4,23.5,19.3,2.4,6.5,17.7,5.2,NA,NA,NA,NA,NA,NA,NA,NA,NA
"1052",2020-11-28,78,7.5,11,5.4,23.5,19.4,2.4,6.5,17.7,5.1,NA,NA,NA,NA,NA,NA,NA,NA,NA
"1053",2020-11-29,77,7.5,11,5.4,23.5,19.4,2.2,6.5,17.7,5.1,NA,NA,NA,NA,NA,NA,NA,NA,NA
"1054",2020-11-30,76,7.5,11,5.4,23.4,19.4,2.1,6.5,17.7,5.1,7.7,9.8,5.2,23.2,20.2,6.8,18.2,5.3,1.7
"1055",2020-12-01,75,7.5,11,5.4,23.4,19.4,2.1,6.5,17.7,5.1,7.5,10.6,5,22,19.4,5.9,18.9,4.5,2.4
"1056",2020-12-02,74,7.5,11,5.4,23.4,19.4,2.2,6.5,17.8,5.1,NA,NA,NA,NA,NA,NA,NA,NA,NA
"1057",2020-12-03,73,7.5,11,5.4,23.3,19.4,2.2,6.5,17.8,5.1,NA,NA,NA,NA,NA,NA,NA,NA,NA
"1058",2020-12-04,72,7.5,11,5.4,23.3,19.5,2.2,6.5,17.8,5.1,NA,NA,NA,NA,NA,NA,NA,NA,NA
"1059",2020-12-05,71,7.5,11,5.4,23.3,19.5,2.2,6.5,17.8,5,NA,NA,NA,NA,NA,NA,NA,NA,NA
"1060",2020-12-06,70,7.5,11,5.4,23.2,19.5,2.2,6.5,17.8,5,NA,NA,NA,NA,NA,NA,NA,NA,NA
"1061",2020-12-07,69,7.5,11,5.4,23.2,19.5,2.1,6.5,17.8,5,6.9,11.6,6.4,23,19.6,6,18.5,4.6,1.9
"1062",2020-12-08,68,7.5,11,5.4,23.2,19.5,2.1,6.5,17.8,5,NA,NA,NA,NA,NA,NA,NA,NA,NA
"1063",2020-12-09,67,7.5,11,5.4,23.1,19.6,2.1,6.5,17.9,5,NA,NA,NA,NA,NA,NA,NA,NA,NA
"1064",2020-12-10,66,7.5,11,5.4,23.1,19.6,2.1,6.5,17.9,5,NA,NA,NA,NA,NA,NA,NA,NA,NA
"1065",2020-12-11,65,7.5,11,5.4,23.1,19.6,2.1,6.5,17.9,5,NA,NA,NA,NA,NA,NA,NA,NA,NA
"1066",2020-12-12,64,7.5,11,5.4,23,19.6,2.1,6.5,17.9,5,NA,NA,NA,NA,NA,NA,NA,NA,NA
"1067",2020-12-13,63,7.5,11,5.4,23,19.6,2.1,6.5,18,5,NA,NA,NA,NA,NA,NA,NA,NA,NA
"1068",2020-12-14,62,7.5,11,5.4,23,19.6,2.1,6.5,18,5,NA,NA,NA,NA,NA,NA,NA,NA,NA
"1069",2020-12-15,61,7.4,11,5.4,22.9,19.6,2.1,6.5,18,5,NA,NA,NA,NA,NA,NA,NA,NA,NA
"1070",2020-12-16,60,7.4,11,5.4,22.9,19.6,2.1,6.5,18.1,5,NA,NA,NA,NA,NA,NA,NA,NA,NA
"1071",2020-12-17,59,7.4,11,5.4,22.8,19.6,2.1,6.4,18.1,5,NA,NA,NA,NA,NA,NA,NA,NA,NA
"1072",2020-12-18,58,7.4,11,5.4,22.8,19.6,2.1,6.4,18.2,5,NA,NA,NA,NA,NA,NA,NA,NA,NA
"1073",2020-12-19,57,7.4,11,5.4,22.8,19.6,2.1,6.4,18.2,5,NA,NA,NA,NA,NA,NA,NA,NA,NA
"1074",2020-12-20,56,7.4,11,5.4,22.7,19.6,2,6.4,18.3,5,7.4,10.4,5.2,22.8,19.7,6.4,18.2,4.9,1.8
"1075",2020-12-21,55,7.4,11,5.4,22.7,19.6,2,6.4,18.3,5,NA,NA,NA,NA,NA,NA,NA,NA,NA
"1076",2020-12-22,54,7.4,11,5.4,22.6,19.6,2,6.4,18.4,5,NA,NA,NA,NA,NA,NA,NA,NA,NA
"1077",2020-12-23,53,7.4,11,5.4,22.6,19.6,2,6.4,18.4,5,NA,NA,NA,NA,NA,NA,NA,NA,NA
"1078",2020-12-24,52,7.4,11,5.4,22.5,19.6,2,6.4,18.5,5.1,NA,NA,NA,NA,NA,NA,NA,NA,NA
"1079",2020-12-25,51,7.4,11,5.4,22.5,19.6,2,6.4,18.5,5.1,NA,NA,NA,NA,NA,NA,NA,NA,NA
"1080",2020-12-26,50,7.4,11,5.4,22.4,19.5,2,6.4,18.6,5.1,NA,NA,NA,NA,NA,NA,NA,NA,NA
"1081",2020-12-27,49,7.4,11,5.4,22.4,19.5,2,6.4,18.7,5.1,NA,NA,NA,NA,NA,NA,NA,NA,NA
"1082",2020-12-28,48,7.4,11,5.4,22.4,19.5,1.9,6.4,18.7,5.1,NA,NA,NA,NA,NA,NA,NA,NA,NA
"1083",2020-12-29,47,7.4,11,5.4,22.3,19.5,1.9,6.4,18.8,5.1,7.7,13.2,4.9,21.7,20.3,6.3,16.7,6.1,1.6
"1084",2020-12-30,46,7.4,11,5.4,22.3,19.5,1.8,6.3,18.8,5.2,NA,NA,NA,NA,NA,NA,NA,NA,NA
"1085",2020-12-31,45,7.4,11,5.4,22.2,19.5,1.8,6.3,18.9,5.2,NA,NA,NA,NA,NA,NA,NA,NA,NA
"1086",2021-01-01,44,7.4,11,5.4,22.2,19.5,1.8,6.3,19,5.2,NA,NA,NA,NA,NA,NA,NA,NA,NA
"1087",2021-01-02,43,7.4,11,5.4,22.1,19.5,1.8,6.3,19,5.2,NA,NA,NA,NA,NA,NA,NA,NA,NA
"1088",2021-01-03,42,7.4,11,5.4,22.1,19.5,1.8,6.3,19.1,5.2,NA,NA,NA,NA,NA,NA,NA,NA,NA
"1089",2021-01-04,41,7.3,11,5.4,22,19.5,1.8,6.3,19.2,5.2,NA,NA,NA,NA,NA,NA,NA,NA,NA
"1090",2021-01-05,40,7.3,10.9,5.4,22,19.4,1.8,6.3,19.2,5.3,7,12,5.2,20.1,19.9,6.1,19.3,6.3,NA
"1091",2021-01-06,39,7.3,10.9,5.4,21.9,19.4,1.7,6.3,19.3,5.3,NA,NA,NA,NA,NA,NA,NA,NA,NA
"1092",2021-01-07,38,7.3,10.9,5.4,21.9,19.4,1.7,6.3,19.4,5.3,5.9,9.8,5.4,20.9,19,5.9,24.1,5,1
"1093",2021-01-08,37,7.3,10.9,5.4,21.8,19.4,1.7,6.3,19.5,5.3,7.3,10,5,21.5,21.3,6,20,5.5,1.3
"1094",2021-01-08,37,7.3,10.9,5.4,21.8,19.4,1.7,6.3,19.5,5.3,6,9.7,4.3,24.1,18.5,6.2,20.5,4.1,2.9
"1095",2021-01-09,36,7.3,10.9,5.4,21.8,19.4,1.8,6.3,19.5,5.3,NA,NA,NA,NA,NA,NA,NA,NA,NA
"1096",2021-01-10,35,7.3,10.9,5.4,21.8,19.4,1.8,6.2,19.6,5.3,NA,NA,NA,NA,NA,NA,NA,NA,NA
"1097",2021-01-11,34,7.3,10.9,5.4,21.7,19.4,1.8,6.2,19.7,5.4,NA,NA,NA,NA,NA,NA,NA,NA,NA
"1098",2021-01-12,33,7.3,10.9,5.4,21.7,19.3,1.8,6.2,19.8,5.4,NA,NA,NA,NA,NA,NA,NA,NA,NA
"1099",2021-01-13,32,7.3,10.9,5.4,21.6,19.3,1.8,6.2,19.9,5.4,NA,NA,NA,NA,NA,NA,NA,NA,NA
"1100",2021-01-14,31,7.3,10.9,5.4,21.6,19.3,1.7,6.2,19.9,5.4,NA,NA,NA,NA,NA,NA,NA,NA,NA
"1101",2021-01-15,30,7.3,10.9,5.4,21.5,19.3,1.7,6.2,20,5.4,6.6,10.4,4.5,21.9,20.4,6.1,21,5.4,1.4
"1102",2021-01-15,30,7.3,10.9,5.4,21.5,19.3,1.7,6.2,20,5.4,9.7,9.6,6,20.6,12.5,5.8,23.9,6.6,0.7
"1103",2021-01-16,29,7.3,10.8,5.4,21.5,19.3,1.6,6.2,20.1,5.4,NA,NA,NA,NA,NA,NA,NA,NA,NA
"1104",2021-01-17,28,7.3,10.8,5.4,21.4,19.3,1.5,6.2,20.2,5.4,NA,NA,NA,NA,NA,NA,NA,NA,NA
"1105",2021-01-18,27,7.3,10.8,5.4,21.4,19.2,1.5,6.2,20.3,5.4,NA,NA,NA,NA,NA,NA,NA,NA,NA
"1106",2021-01-19,26,7.3,10.8,5.4,21.3,19.2,1.5,6.1,20.4,5.4,NA,NA,NA,NA,NA,NA,NA,NA,NA
"1107",2021-01-20,25,7.3,10.8,5.4,21.3,19.2,1.5,6.1,20.5,5.5,NA,NA,NA,NA,NA,NA,NA,NA,NA
"1108",2021-01-21,24,7.3,10.8,5.4,21.2,19.2,1.6,6.1,20.6,5.5,6.5,9.6,6.2,22,20.7,7,19.6,4.8,2.3
"1109",2021-01-22,23,7.3,10.8,5.4,21.2,19.2,1.6,6.1,20.7,5.5,6.7,10.4,4.7,22,19.8,6.1,21.4,5.3,1.4
"1110",2021-01-22,23,7.3,10.8,5.4,21.2,19.2,1.6,6.1,20.7,5.5,7.2,11.2,4.9,19.3,19.7,5.8,21.5,5.8,NA
"1111",2021-01-22,23,7.3,10.8,5.4,21.2,19.2,1.6,6.1,20.7,5.5,7.3,11.1,6.1,20.5,19.2,6.7,18.7,6,1.6
"1112",2021-01-23,22,7.3,10.7,5.4,21.1,19.1,1.6,6.1,20.7,5.5,NA,NA,NA,NA,NA,NA,NA,NA,NA
"1113",2021-01-24,21,7.3,10.7,5.4,21,19.1,1.6,6.1,20.8,5.5,NA,NA,NA,NA,NA,NA,NA,NA,NA
"1114",2021-01-25,20,7.3,10.7,5.4,21,19.1,1.6,6.1,20.9,5.5,NA,NA,NA,NA,NA,NA,NA,NA,NA
"1115",2021-01-26,19,7.3,10.7,5.4,20.9,19.1,1.6,6.1,21,5.5,NA,NA,NA,NA,NA,NA,NA,NA,NA
"1116",2021-01-27,18,7.3,10.7,5.4,20.9,19,1.6,6,21.1,5.5,NA,NA,NA,NA,NA,NA,NA,NA,NA
"1117",2021-01-28,17,7.2,10.6,5.4,20.8,19,1.5,6,21.2,5.5,6.3,9,5.3,19.8,19.1,6.3,24,5.2,1.1
"1118",2021-01-29,16,7.2,10.6,5.4,20.8,19,1.5,6,21.4,5.5,6.7,10.5,4.8,21.5,19.6,6,21.6,5.2,1.2
"1119",2021-01-30,15,7.2,10.6,5.4,20.7,19,1.5,6,21.5,5.5,6.9,10.8,5.8,21.2,19.6,6.7,19.6,5.6,NA
"1120",2021-01-31,14,7.2,10.6,5.4,20.7,18.9,1.5,6,21.6,5.5,7.3,10.3,5.3,21.2,20.7,5.6,22.5,5.1,NA
"1121",2021-01-31,14,7.2,10.6,5.4,20.7,18.9,1.5,6,21.6,5.5,7.3,11,5.6,19.4,20.4,5.5,20.3,6,NA
"1122",2021-02-01,13,7.2,10.6,5.4,20.6,18.9,1.5,6,21.7,5.6,NA,NA,NA,NA,NA,NA,NA,NA,NA
"1123",2021-02-02,12,7.2,10.5,5.4,20.6,18.9,1.5,6,21.8,5.6,NA,NA,NA,NA,NA,NA,NA,NA,NA
"1124",2021-02-03,11,7.2,10.5,5.4,20.5,18.8,1.5,6,21.9,5.6,8.9,7.9,6.8,19.9,14.6,5.8,23.7,6.9,1.5
"1125",2021-02-04,10,7.2,10.5,5.4,20.5,18.8,1.5,5.9,22,5.6,NA,NA,NA,NA,NA,NA,NA,NA,NA
